Date,Close
2014-12-04 00:00:00+07:00,2845.0
2014-12-05 00:00:00+07:00,2840.0
2014-12-08 00:00:00+07:00,2805.0
2014-12-09 00:00:00+07:00,2795.0
2014-12-10 00:00:00+07:00,2835.0
2014-12-11 00:00:00+07:00,2835.0
2014-12-12 00:00:00+07:00,2825.0
2014-12-15 00:00:00+07:00,2785.0
2014-12-16 00:00:00+07:00,2745.0
2014-12-17 00:00:00+07:00,2725.0
2014-12-18 00:00:00+07:00,2800.0
2014-12-19 00:00:00+07:00,2815.0
2014-12-22 00:00:00+07:00,2825.0
2014-12-23 00:00:00+07:00,2825.0
2014-12-24 00:00:00+07:00,2845.0
2014-12-29 00:00:00+07:00,2850.0
2014-12-30 00:00:00+07:00,2865.0
2015-01-02 00:00:00+07:00,2860.0
2015-01-05 00:00:00+07:00,2835.0
2015-01-06 00:00:00+07:00,2815.0
2015-01-07 00:00:00+07:00,2810.0
2015-01-08 00:00:00+07:00,2835.0
2015-01-09 00:00:00+07:00,2860.0
2015-01-12 00:00:00+07:00,2835.0
2015-01-13 00:00:00+07:00,2840.0
2015-01-14 00:00:00+07:00,2825.0
2015-01-15 00:00:00+07:00,2830.0
2015-01-16 00:00:00+07:00,2845.0
2015-01-19 00:00:00+07:00,2855.0
2015-01-20 00:00:00+07:00,2900.0
2015-01-21 00:00:00+07:00,2915.0
2015-01-22 00:00:00+07:00,2880.0
2015-01-23 00:00:00+07:00,2890.0
2015-01-26 00:00:00+07:00,2820.0
2015-01-27 00:00:00+07:00,2830.0
2015-01-28 00:00:00+07:00,2845.0
2015-01-29 00:00:00+07:00,2860.0
2015-01-30 00:00:00+07:00,2830.0
2015-02-02 00:00:00+07:00,2805.0
2015-02-03 00:00:00+07:00,2825.0
2015-02-04 00:00:00+07:00,2845.0
2015-02-05 00:00:00+07:00,2815.0
2015-02-06 00:00:00+07:00,2830.0
2015-02-09 00:00:00+07:00,2860.0
2015-02-10 00:00:00+07:00,2845.0
2015-02-11 00:00:00+07:00,2860.0
2015-02-12 00:00:00+07:00,2895.0
2015-02-13 00:00:00+07:00,2980.0
2015-02-16 00:00:00+07:00,2890.0
2015-02-17 00:00:00+07:00,2895.0
2015-02-18 00:00:00+07:00,2895.0
2015-02-20 00:00:00+07:00,2890.0
2015-02-23 00:00:00+07:00,2910.0
2015-02-24 00:00:00+07:00,2905.0
2015-02-25 00:00:00+07:00,2970.0
2015-02-26 00:00:00+07:00,2975.0
2015-02-27 00:00:00+07:00,2935.0
2015-03-02 00:00:00+07:00,2950.0
2015-03-03 00:00:00+07:00,2945.0
2015-03-04 00:00:00+07:00,2910.0
2015-03-05 00:00:00+07:00,2910.0
2015-03-06 00:00:00+07:00,2985.0
2015-03-09 00:00:00+07:00,2945.0
2015-03-10 00:00:00+07:00,2945.0
2015-03-11 00:00:00+07:00,2940.0
2015-03-12 00:00:00+07:00,2925.0
2015-03-13 00:00:00+07:00,2955.0
2015-03-16 00:00:00+07:00,2975.0
2015-03-17 00:00:00+07:00,2955.0
2015-03-18 00:00:00+07:00,2950.0
2015-03-19 00:00:00+07:00,2950.0
2015-03-20 00:00:00+07:00,2920.0
2015-03-23 00:00:00+07:00,2920.0
2015-03-24 00:00:00+07:00,2920.0
2015-03-25 00:00:00+07:00,2880.0
2015-03-26 00:00:00+07:00,2810.0
2015-03-27 00:00:00+07:00,2810.0
2015-03-30 00:00:00+07:00,2865.0
2015-03-31 00:00:00+07:00,2890.0
2015-04-01 00:00:00+07:00,2835.0
2015-04-02 00:00:00+07:00,2825.0
2015-04-06 00:00:00+07:00,2835.0
2015-04-07 00:00:00+07:00,2855.0
2015-04-08 00:00:00+07:00,2860.0
2015-04-09 00:00:00+07:00,2840.0
2015-04-10 00:00:00+07:00,2825.0
2015-04-13 00:00:00+07:00,2795.0
2015-04-14 00:00:00+07:00,2795.0
2015-04-15 00:00:00+07:00,2805.0
2015-04-16 00:00:00+07:00,2810.0
2015-04-17 00:00:00+07:00,2805.0
2015-04-20 00:00:00+07:00,2835.0
2015-04-21 00:00:00+07:00,2835.0
2015-04-22 00:00:00+07:00,2830.0
2015-04-23 00:00:00+07:00,2855.0
2015-04-24 00:00:00+07:00,2905.0
2015-04-27 00:00:00+07:00,2810.0
2015-04-28 00:00:00+07:00,2790.0
2015-04-29 00:00:00+07:00,2700.0
2015-04-30 00:00:00+07:00,2615.0
2015-05-04 00:00:00+07:00,2765.0
2015-05-05 00:00:00+07:00,2750.0
2015-05-06 00:00:00+07:00,2770.0
2015-05-07 00:00:00+07:00,2830.0
2015-05-08 00:00:00+07:00,2860.0
2015-05-11 00:00:00+07:00,2845.0
2015-05-12 00:00:00+07:00,2800.0
2015-05-13 00:00:00+07:00,2835.0
2015-05-15 00:00:00+07:00,2840.0
2015-05-18 00:00:00+07:00,2830.0
2015-05-19 00:00:00+07:00,2830.0
2015-05-20 00:00:00+07:00,2835.0
2015-05-21 00:00:00+07:00,2850.0
2015-05-22 00:00:00+07:00,2870.0
2015-05-25 00:00:00+07:00,2830.0
2015-05-26 00:00:00+07:00,2870.0
2015-05-27 00:00:00+07:00,2830.0
2015-05-28 00:00:00+07:00,2855.0
2015-05-29 00:00:00+07:00,2845.0
2015-06-01 00:00:00+07:00,2845.0
2015-06-03 00:00:00+07:00,2875.0
2015-06-04 00:00:00+07:00,2825.0
2015-06-05 00:00:00+07:00,2855.0
2015-06-08 00:00:00+07:00,2855.0
2015-06-09 00:00:00+07:00,2830.0
2015-06-10 00:00:00+07:00,2860.0
2015-06-11 00:00:00+07:00,2870.0
2015-06-12 00:00:00+07:00,2850.0
2015-06-15 00:00:00+07:00,2810.0
2015-06-16 00:00:00+07:00,2870.0
2015-06-17 00:00:00+07:00,2875.0
2015-06-18 00:00:00+07:00,2880.0
2015-06-19 00:00:00+07:00,2890.0
2015-06-22 00:00:00+07:00,2835.0
2015-06-23 00:00:00+07:00,2850.0
2015-06-24 00:00:00+07:00,2880.0
2015-06-25 00:00:00+07:00,2905.0
2015-06-26 00:00:00+07:00,2935.0
2015-06-29 00:00:00+07:00,2905.0
2015-06-30 00:00:00+07:00,2930.0
2015-07-01 00:00:00+07:00,2920.0
2015-07-02 00:00:00+07:00,2930.0
2015-07-03 00:00:00+07:00,2930.0
2015-07-06 00:00:00+07:00,2930.0
2015-07-07 00:00:00+07:00,2870.0
2015-07-08 00:00:00+07:00,2900.0
2015-07-09 00:00:00+07:00,2875.0
2015-07-10 00:00:00+07:00,2875.0
2015-07-13 00:00:00+07:00,2890.0
2015-07-14 00:00:00+07:00,2880.0
2015-07-15 00:00:00+07:00,2825.0
2015-07-22 00:00:00+07:00,2865.0
2015-07-23 00:00:00+07:00,2845.0
2015-07-24 00:00:00+07:00,2855.0
2015-07-27 00:00:00+07:00,2825.0
2015-07-28 00:00:00+07:00,2845.0
2015-07-29 00:00:00+07:00,2855.0
2015-07-30 00:00:00+07:00,2870.0
2015-07-31 00:00:00+07:00,2940.0
2015-08-03 00:00:00+07:00,2920.0
2015-08-04 00:00:00+07:00,2875.0
2015-08-05 00:00:00+07:00,2940.0
2015-08-06 00:00:00+07:00,2930.0
2015-08-07 00:00:00+07:00,2955.0
2015-08-10 00:00:00+07:00,2965.0
2015-08-11 00:00:00+07:00,2940.0
2015-08-12 00:00:00+07:00,2800.0
2015-08-13 00:00:00+07:00,2825.0
2015-08-14 00:00:00+07:00,2875.0
2015-08-18 00:00:00+07:00,2875.0
2015-08-19 00:00:00+07:00,2880.0
2015-08-20 00:00:00+07:00,2870.0
2015-08-21 00:00:00+07:00,2730.0
2015-08-24 00:00:00+07:00,2660.0
2015-08-25 00:00:00+07:00,2705.0
2015-08-26 00:00:00+07:00,2690.0
2015-08-27 00:00:00+07:00,2830.0
2015-08-28 00:00:00+07:00,2865.0
2015-08-31 00:00:00+07:00,2870.0
2015-09-01 00:00:00+07:00,2830.0
2015-09-02 00:00:00+07:00,2775.0
2015-09-03 00:00:00+07:00,2800.0
2015-09-04 00:00:00+07:00,2810.0
2015-09-07 00:00:00+07:00,2700.0
2015-09-08 00:00:00+07:00,2730.0
2015-09-09 00:00:00+07:00,2730.0
2015-09-10 00:00:00+07:00,2765.0
2015-09-11 00:00:00+07:00,2760.0
2015-09-14 00:00:00+07:00,2785.0
2015-09-15 00:00:00+07:00,2710.0
2015-09-16 00:00:00+07:00,2720.0
2015-09-17 00:00:00+07:00,2680.0
2015-09-18 00:00:00+07:00,2690.0
2015-09-21 00:00:00+07:00,2730.0
2015-09-22 00:00:00+07:00,2700.0
2015-09-23 00:00:00+07:00,2655.0
2015-09-25 00:00:00+07:00,2655.0
2015-09-28 00:00:00+07:00,2600.0
2015-09-29 00:00:00+07:00,2605.0
2015-09-30 00:00:00+07:00,2645.0
2015-10-01 00:00:00+07:00,2630.0
2015-10-02 00:00:00+07:00,2620.0
2015-10-05 00:00:00+07:00,2720.0
2015-10-06 00:00:00+07:00,2790.0
2015-10-07 00:00:00+07:00,2740.0
2015-10-08 00:00:00+07:00,2710.0
2015-10-09 00:00:00+07:00,2700.0
2015-10-12 00:00:00+07:00,2695.0
2015-10-13 00:00:00+07:00,2640.0
2015-10-15 00:00:00+07:00,2685.0
2015-10-16 00:00:00+07:00,2680.0
2015-10-19 00:00:00+07:00,2720.0
2015-10-20 00:00:00+07:00,2710.0
2015-10-21 00:00:00+07:00,2730.0
2015-10-22 00:00:00+07:00,2740.0
2015-10-23 00:00:00+07:00,2760.0
2015-10-26 00:00:00+07:00,2805.0
2015-10-27 00:00:00+07:00,2795.0
2015-10-28 00:00:00+07:00,2795.0
2015-10-29 00:00:00+07:00,2730.0
2015-10-30 00:00:00+07:00,2680.0
2015-11-02 00:00:00+07:00,2740.0
2015-11-03 00:00:00+07:00,2740.0
2015-11-04 00:00:00+07:00,2730.0
2015-11-05 00:00:00+07:00,2705.0
2015-11-06 00:00:00+07:00,2735.0
2015-11-09 00:00:00+07:00,2730.0
2015-11-10 00:00:00+07:00,2695.0
2015-11-11 00:00:00+07:00,2665.0
2015-11-12 00:00:00+07:00,2715.0
2015-11-13 00:00:00+07:00,2755.0
2015-11-16 00:00:00+07:00,2720.0
2015-11-17 00:00:00+07:00,2815.0
2015-11-18 00:00:00+07:00,2850.0
2015-11-19 00:00:00+07:00,2815.0
2015-11-20 00:00:00+07:00,2915.0
2015-11-23 00:00:00+07:00,2800.0
2015-11-24 00:00:00+07:00,2870.0
2015-11-25 00:00:00+07:00,2900.0
2015-11-26 00:00:00+07:00,2950.0
2015-11-27 00:00:00+07:00,2960.0
2015-11-30 00:00:00+07:00,2930.0
2015-12-01 00:00:00+07:00,2940.0
2015-12-02 00:00:00+07:00,2970.0
2015-12-03 00:00:00+07:00,3035.0
2015-12-04 00:00:00+07:00,3000.0
2015-12-07 00:00:00+07:00,3030.0
2015-12-08 00:00:00+07:00,3015.0
2015-12-09 00:00:00+07:00,3015.0
2015-12-10 00:00:00+07:00,3010.0
2015-12-11 00:00:00+07:00,2950.0
2015-12-14 00:00:00+07:00,2930.0
2015-12-15 00:00:00+07:00,2940.0
2015-12-16 00:00:00+07:00,3040.0
2015-12-17 00:00:00+07:00,3125.0
2015-12-18 00:00:00+07:00,3060.0
2015-12-21 00:00:00+07:00,3110.0
2015-12-22 00:00:00+07:00,3135.0
2015-12-23 00:00:00+07:00,3110.0
2015-12-28 00:00:00+07:00,3120.0
2015-12-29 00:00:00+07:00,3095.0
2015-12-30 00:00:00+07:00,3105.0
2016-01-04 00:00:00+07:00,3140.0
2016-01-05 00:00:00+07:00,3195.0
2016-01-06 00:00:00+07:00,3250.0
2016-01-07 00:00:00+07:00,3210.0
2016-01-08 00:00:00+07:00,3145.0
2016-01-11 00:00:00+07:00,3060.0
2016-01-12 00:00:00+07:00,3145.0
2016-01-13 00:00:00+07:00,3190.0
2016-01-14 00:00:00+07:00,3135.0
2016-01-15 00:00:00+07:00,3085.0
2016-01-18 00:00:00+07:00,3085.0
2016-01-19 00:00:00+07:00,3110.0
2016-01-20 00:00:00+07:00,3090.0
2016-01-21 00:00:00+07:00,3095.0
2016-01-22 00:00:00+07:00,3185.0
2016-01-25 00:00:00+07:00,3205.0
2016-01-26 00:00:00+07:00,3225.0
2016-01-27 00:00:00+07:00,3270.0
2016-01-28 00:00:00+07:00,3260.0
2016-01-29 00:00:00+07:00,3340.0
2016-02-01 00:00:00+07:00,3330.0
2016-02-02 00:00:00+07:00,3235.0
2016-02-03 00:00:00+07:00,3275.0
2016-02-04 00:00:00+07:00,3350.0
2016-02-05 00:00:00+07:00,3500.0
2016-02-09 00:00:00+07:00,3375.0
2016-02-10 00:00:00+07:00,3385.0
2016-02-11 00:00:00+07:00,3430.0
2016-02-12 00:00:00+07:00,3285.0
2016-02-15 00:00:00+07:00,3325.0
2016-02-16 00:00:00+07:00,3335.0
2016-02-17 00:00:00+07:00,3335.0
2016-02-18 00:00:00+07:00,3315.0
2016-02-19 00:00:00+07:00,3195.0
2016-02-22 00:00:00+07:00,3180.0
2016-02-23 00:00:00+07:00,3220.0
2016-02-24 00:00:00+07:00,3230.0
2016-02-25 00:00:00+07:00,3300.0
2016-02-26 00:00:00+07:00,3310.0
2016-02-29 00:00:00+07:00,3250.0
2016-03-01 00:00:00+07:00,3295.0
2016-03-02 00:00:00+07:00,3340.0
2016-03-03 00:00:00+07:00,3430.0
2016-03-04 00:00:00+07:00,3415.0
2016-03-07 00:00:00+07:00,3395.0
2016-03-08 00:00:00+07:00,3390.0
2016-03-10 00:00:00+07:00,3315.0
2016-03-11 00:00:00+07:00,3315.0
2016-03-14 00:00:00+07:00,3315.0
2016-03-15 00:00:00+07:00,3380.0
2016-03-16 00:00:00+07:00,3440.0
2016-03-17 00:00:00+07:00,3455.0
2016-03-18 00:00:00+07:00,3460.0
2016-03-21 00:00:00+07:00,3470.0
2016-03-22 00:00:00+07:00,3420.0
2016-03-23 00:00:00+07:00,3305.0
2016-03-24 00:00:00+07:00,3325.0
2016-03-28 00:00:00+07:00,3305.0
2016-03-29 00:00:00+07:00,3300.0
2016-03-30 00:00:00+07:00,3345.0
2016-03-31 00:00:00+07:00,3325.0
2016-04-01 00:00:00+07:00,3350.0
2016-04-04 00:00:00+07:00,3380.0
2016-04-05 00:00:00+07:00,3375.0
2016-04-06 00:00:00+07:00,3405.0
2016-04-07 00:00:00+07:00,3400.0
2016-04-08 00:00:00+07:00,3445.0
2016-04-11 00:00:00+07:00,3445.0
2016-04-12 00:00:00+07:00,3400.0
2016-04-13 00:00:00+07:00,3400.0
2016-04-14 00:00:00+07:00,3400.0
2016-04-15 00:00:00+07:00,3400.0
2016-04-18 00:00:00+07:00,3400.0
2016-04-19 00:00:00+07:00,3400.0
2016-04-20 00:00:00+07:00,3585.0
2016-04-21 00:00:00+07:00,3630.0
2016-04-22 00:00:00+07:00,3685.0
2016-04-25 00:00:00+07:00,3780.0
2016-04-26 00:00:00+07:00,3645.0
2016-04-27 00:00:00+07:00,3700.0
2016-04-28 00:00:00+07:00,3595.0
2016-04-29 00:00:00+07:00,3550.0
2016-05-02 00:00:00+07:00,3450.0
2016-05-03 00:00:00+07:00,3440.0
2016-05-04 00:00:00+07:00,3490.0
2016-05-09 00:00:00+07:00,3610.0
2016-05-10 00:00:00+07:00,3700.0
2016-05-11 00:00:00+07:00,3720.0
2016-05-12 00:00:00+07:00,3760.0
2016-05-13 00:00:00+07:00,3690.0
2016-05-16 00:00:00+07:00,3720.0
2016-05-17 00:00:00+07:00,3720.0
2016-05-18 00:00:00+07:00,3740.0
2016-05-19 00:00:00+07:00,3630.0
2016-05-20 00:00:00+07:00,3640.0
2016-05-23 00:00:00+07:00,3710.0
2016-05-24 00:00:00+07:00,3730.0
2016-05-25 00:00:00+07:00,3780.0
2016-05-26 00:00:00+07:00,3770.0
2016-05-27 00:00:00+07:00,3760.0
2016-05-30 00:00:00+07:00,3700.0
2016-05-31 00:00:00+07:00,3700.0
2016-06-01 00:00:00+07:00,3720.0
2016-06-02 00:00:00+07:00,3770.0
2016-06-03 00:00:00+07:00,3800.0
2016-06-06 00:00:00+07:00,3880.0
2016-06-07 00:00:00+07:00,3910.0
2016-06-08 00:00:00+07:00,3790.0
2016-06-09 00:00:00+07:00,3770.0
2016-06-10 00:00:00+07:00,3750.0
2016-06-13 00:00:00+07:00,3760.0
2016-06-14 00:00:00+07:00,3770.0
2016-06-15 00:00:00+07:00,3810.0
2016-06-16 00:00:00+07:00,3880.0
2016-06-17 00:00:00+07:00,3890.0
2016-06-20 00:00:00+07:00,3850.0
2016-06-21 00:00:00+07:00,3870.0
2016-06-22 00:00:00+07:00,3870.0
2016-06-23 00:00:00+07:00,3860.0
2016-06-24 00:00:00+07:00,3820.0
2016-06-27 00:00:00+07:00,3840.0
2016-06-28 00:00:00+07:00,3820.0
2016-06-29 00:00:00+07:00,3970.0
2016-06-30 00:00:00+07:00,3980.0
2016-07-01 00:00:00+07:00,3970.0
2016-07-11 00:00:00+07:00,4070.0
2016-07-12 00:00:00+07:00,4100.0
2016-07-13 00:00:00+07:00,4260.0
2016-07-14 00:00:00+07:00,4110.0
2016-07-15 00:00:00+07:00,4200.0
2016-07-18 00:00:00+07:00,4140.0
2016-07-19 00:00:00+07:00,4160.0
2016-07-20 00:00:00+07:00,4190.0
2016-07-21 00:00:00+07:00,4120.0
2016-07-22 00:00:00+07:00,4110.0
2016-07-25 00:00:00+07:00,4180.0
2016-07-26 00:00:00+07:00,4250.0
2016-07-27 00:00:00+07:00,4340.0
2016-07-28 00:00:00+07:00,4340.0
2016-07-29 00:00:00+07:00,4230.0
2016-08-01 00:00:00+07:00,4550.0
2016-08-02 00:00:00+07:00,4370.0
2016-08-03 00:00:00+07:00,4270.0
2016-08-04 00:00:00+07:00,4320.0
2016-08-05 00:00:00+07:00,4350.0
2016-08-08 00:00:00+07:00,4400.0
2016-08-09 00:00:00+07:00,4370.0
2016-08-10 00:00:00+07:00,4320.0
2016-08-11 00:00:00+07:00,4280.0
2016-08-12 00:00:00+07:00,4230.0
2016-08-15 00:00:00+07:00,4090.0
2016-08-16 00:00:00+07:00,4140.0
2016-08-18 00:00:00+07:00,4250.0
2016-08-19 00:00:00+07:00,4140.0
2016-08-22 00:00:00+07:00,4160.0
2016-08-23 00:00:00+07:00,4220.0
2016-08-24 00:00:00+07:00,4220.0
2016-08-25 00:00:00+07:00,4220.0
2016-08-26 00:00:00+07:00,4210.0
2016-08-29 00:00:00+07:00,4140.0
2016-08-30 00:00:00+07:00,4170.0
2016-08-31 00:00:00+07:00,4210.0
2016-09-01 00:00:00+07:00,4160.0
2016-09-02 00:00:00+07:00,4200.0
2016-09-05 00:00:00+07:00,4200.0
2016-09-06 00:00:00+07:00,4240.0
2016-09-07 00:00:00+07:00,4210.0
2016-09-08 00:00:00+07:00,4160.0
2016-09-09 00:00:00+07:00,4050.0
2016-09-13 00:00:00+07:00,4050.0
2016-09-14 00:00:00+07:00,3970.0
2016-09-15 00:00:00+07:00,4140.0
2016-09-16 00:00:00+07:00,4090.0
2016-09-19 00:00:00+07:00,4200.0
2016-09-20 00:00:00+07:00,4160.0
2016-09-21 00:00:00+07:00,4200.0
2016-09-22 00:00:00+07:00,4230.0
2016-09-23 00:00:00+07:00,4230.0
2016-09-26 00:00:00+07:00,4240.0
2016-09-27 00:00:00+07:00,4280.0
2016-09-28 00:00:00+07:00,4250.0
2016-09-29 00:00:00+07:00,4290.0
2016-09-30 00:00:00+07:00,4310.0
2016-10-03 00:00:00+07:00,4380.0
2016-10-04 00:00:00+07:00,4360.0
2016-10-05 00:00:00+07:00,4300.0
2016-10-06 00:00:00+07:00,4210.0
2016-10-07 00:00:00+07:00,4200.0
2016-10-10 00:00:00+07:00,4160.0
2016-10-11 00:00:00+07:00,4160.0
2016-10-12 00:00:00+07:00,4140.0
2016-10-13 00:00:00+07:00,4180.0
2016-10-14 00:00:00+07:00,4210.0
2016-10-17 00:00:00+07:00,4240.0
2016-10-18 00:00:00+07:00,4230.0
2016-10-19 00:00:00+07:00,4200.0
2016-10-20 00:00:00+07:00,4200.0
2016-10-21 00:00:00+07:00,4210.0
2016-10-24 00:00:00+07:00,4220.0
2016-10-25 00:00:00+07:00,4200.0
2016-10-26 00:00:00+07:00,4190.0
2016-10-27 00:00:00+07:00,4240.0
2016-10-28 00:00:00+07:00,4230.0
2016-10-31 00:00:00+07:00,4220.0
2016-11-01 00:00:00+07:00,4200.0
2016-11-02 00:00:00+07:00,4200.0
2016-11-03 00:00:00+07:00,4150.0
2016-11-04 00:00:00+07:00,4150.0
2016-11-07 00:00:00+07:00,4150.0
2016-11-08 00:00:00+07:00,4280.0
2016-11-09 00:00:00+07:00,4120.0
2016-11-10 00:00:00+07:00,4190.0
2016-11-11 00:00:00+07:00,3960.0
2016-11-14 00:00:00+07:00,3790.0
2016-11-15 00:00:00+07:00,3840.0
2016-11-16 00:00:00+07:00,4000.0
2016-11-17 00:00:00+07:00,4000.0
2016-11-18 00:00:00+07:00,3970.0
2016-11-21 00:00:00+07:00,3930.0
2016-11-22 00:00:00+07:00,3950.0
2016-11-23 00:00:00+07:00,3940.0
2016-11-24 00:00:00+07:00,3810.0
2016-11-25 00:00:00+07:00,3830.0
2016-11-28 00:00:00+07:00,3840.0
2016-11-29 00:00:00+07:00,3840.0
2016-11-30 00:00:00+07:00,3780.0
2016-12-01 00:00:00+07:00,3860.0
2016-12-02 00:00:00+07:00,3910.0
2016-12-05 00:00:00+07:00,3960.0
2016-12-06 00:00:00+07:00,3910.0
2016-12-07 00:00:00+07:00,3850.0
2016-12-08 00:00:00+07:00,3940.0
2016-12-09 00:00:00+07:00,3960.0
2016-12-13 00:00:00+07:00,3970.0
2016-12-14 00:00:00+07:00,3920.0
2016-12-15 00:00:00+07:00,3910.0
2016-12-16 00:00:00+07:00,3820.0
2016-12-19 00:00:00+07:00,3800.0
2016-12-20 00:00:00+07:00,3730.0
2016-12-21 00:00:00+07:00,3780.0
2016-12-22 00:00:00+07:00,3750.0
2016-12-23 00:00:00+07:00,3690.0
2016-12-27 00:00:00+07:00,3730.0
2016-12-28 00:00:00+07:00,3830.0
2016-12-29 00:00:00+07:00,3940.0
2016-12-30 00:00:00+07:00,3980.0
2017-01-02 00:00:00+07:00,3980.0
2017-01-03 00:00:00+07:00,3950.0
2017-01-04 00:00:00+07:00,3950.0
2017-01-05 00:00:00+07:00,3950.0
2017-01-06 00:00:00+07:00,4000.0
2017-01-09 00:00:00+07:00,4020.0
2017-01-10 00:00:00+07:00,4000.0
2017-01-11 00:00:00+07:00,3960.0
2017-01-12 00:00:00+07:00,3960.0
2017-01-13 00:00:00+07:00,3950.0
2017-01-16 00:00:00+07:00,3950.0
2017-01-17 00:00:00+07:00,3970.0
2017-01-18 00:00:00+07:00,3960.0
2017-01-19 00:00:00+07:00,3970.0
2017-01-20 00:00:00+07:00,3830.0
2017-01-23 00:00:00+07:00,3840.0
2017-01-24 00:00:00+07:00,3910.0
2017-01-25 00:00:00+07:00,3900.0
2017-01-26 00:00:00+07:00,3940.0
2017-01-27 00:00:00+07:00,3890.0
2017-01-30 00:00:00+07:00,3860.0
2017-01-31 00:00:00+07:00,3870.0
2017-02-01 00:00:00+07:00,3940.0
2017-02-02 00:00:00+07:00,3950.0
2017-02-03 00:00:00+07:00,3950.0
2017-02-06 00:00:00+07:00,3960.0
2017-02-07 00:00:00+07:00,3920.0
2017-02-08 00:00:00+07:00,3870.0
2017-02-09 00:00:00+07:00,3870.0
2017-02-10 00:00:00+07:00,3890.0
2017-02-13 00:00:00+07:00,3920.0
2017-02-14 00:00:00+07:00,3860.0
2017-02-15 00:00:00+07:00,3860.0
2017-02-16 00:00:00+07:00,3870.0
2017-02-17 00:00:00+07:00,3870.0
2017-02-20 00:00:00+07:00,3870.0
2017-02-21 00:00:00+07:00,3880.0
2017-02-22 00:00:00+07:00,3880.0
2017-02-23 00:00:00+07:00,3840.0
2017-02-24 00:00:00+07:00,3840.0
2017-02-27 00:00:00+07:00,3870.0
2017-02-28 00:00:00+07:00,3850.0
2017-03-01 00:00:00+07:00,3850.0
2017-03-02 00:00:00+07:00,3830.0
2017-03-03 00:00:00+07:00,3850.0
2017-03-06 00:00:00+07:00,3920.0
2017-03-07 00:00:00+07:00,3950.0
2017-03-08 00:00:00+07:00,3880.0
2017-03-09 00:00:00+07:00,3960.0
2017-03-10 00:00:00+07:00,3950.0
2017-03-13 00:00:00+07:00,3950.0
2017-03-14 00:00:00+07:00,4050.0
2017-03-15 00:00:00+07:00,4040.0
2017-03-16 00:00:00+07:00,4140.0
2017-03-17 00:00:00+07:00,4110.0
2017-03-20 00:00:00+07:00,4100.0
2017-03-21 00:00:00+07:00,4090.0
2017-03-22 00:00:00+07:00,4070.0
2017-03-23 00:00:00+07:00,4090.0
2017-03-24 00:00:00+07:00,4080.0
2017-03-27 00:00:00+07:00,4080.0
2017-03-29 00:00:00+07:00,4150.0
2017-03-30 00:00:00+07:00,4140.0
2017-03-31 00:00:00+07:00,4130.0
2017-04-03 00:00:00+07:00,4170.0
2017-04-04 00:00:00+07:00,4250.0
2017-04-05 00:00:00+07:00,4250.0
2017-04-06 00:00:00+07:00,4170.0
2017-04-07 00:00:00+07:00,4130.0
2017-04-10 00:00:00+07:00,4100.0
2017-04-11 00:00:00+07:00,4150.0
2017-04-12 00:00:00+07:00,4150.0
2017-04-13 00:00:00+07:00,4090.0
2017-04-17 00:00:00+07:00,4010.0
2017-04-18 00:00:00+07:00,4070.0
2017-04-19 00:00:00+07:00,4070.0
2017-04-20 00:00:00+07:00,4110.0
2017-04-21 00:00:00+07:00,4420.0
2017-04-25 00:00:00+07:00,4420.0
2017-04-26 00:00:00+07:00,4400.0
2017-04-27 00:00:00+07:00,4370.0
2017-04-28 00:00:00+07:00,4370.0
2017-05-02 00:00:00+07:00,4410.0
2017-05-03 00:00:00+07:00,4340.0
2017-05-04 00:00:00+07:00,4370.0
2017-05-05 00:00:00+07:00,4340.0
2017-05-08 00:00:00+07:00,4340.0
2017-05-09 00:00:00+07:00,4340.0
2017-05-10 00:00:00+07:00,4370.0
2017-05-12 00:00:00+07:00,4400.0
2017-05-15 00:00:00+07:00,4360.0
2017-05-16 00:00:00+07:00,4340.0
2017-05-17 00:00:00+07:00,4340.0
2017-05-18 00:00:00+07:00,4310.0
2017-05-19 00:00:00+07:00,4530.0
2017-05-22 00:00:00+07:00,4470.0
2017-05-23 00:00:00+07:00,4400.0
2017-05-24 00:00:00+07:00,4360.0
2017-05-26 00:00:00+07:00,4470.0
2017-05-29 00:00:00+07:00,4390.0
2017-05-30 00:00:00+07:00,4330.0
2017-05-31 00:00:00+07:00,4350.0
2017-06-01 00:00:00+07:00,4350.0
2017-06-02 00:00:00+07:00,4380.0
2017-06-05 00:00:00+07:00,4340.0
2017-06-06 00:00:00+07:00,4310.0
2017-06-07 00:00:00+07:00,4320.0
2017-06-08 00:00:00+07:00,4300.0
2017-06-09 00:00:00+07:00,4330.0
2017-06-12 00:00:00+07:00,4330.0
2017-06-13 00:00:00+07:00,4360.0
2017-06-14 00:00:00+07:00,4360.0
2017-06-15 00:00:00+07:00,4360.0
2017-06-16 00:00:00+07:00,4370.0
2017-06-19 00:00:00+07:00,4400.0
2017-06-20 00:00:00+07:00,4490.0
2017-06-21 00:00:00+07:00,4520.0
2017-06-22 00:00:00+07:00,4520.0
2017-06-23 00:00:00+07:00,4520.0
2017-06-26 00:00:00+07:00,4520.0
2017-06-27 00:00:00+07:00,4520.0
2017-06-28 00:00:00+07:00,4520.0
2017-06-29 00:00:00+07:00,4520.0
2017-06-30 00:00:00+07:00,4520.0
2017-07-03 00:00:00+07:00,4790.0
2017-07-04 00:00:00+07:00,4590.0
2017-07-05 00:00:00+07:00,4580.0
2017-07-06 00:00:00+07:00,4650.0
2017-07-07 00:00:00+07:00,4630.0
2017-07-10 00:00:00+07:00,4570.0
2017-07-11 00:00:00+07:00,4600.0
2017-07-12 00:00:00+07:00,4620.0
2017-07-13 00:00:00+07:00,4600.0
2017-07-14 00:00:00+07:00,4600.0
2017-07-17 00:00:00+07:00,4650.0
2017-07-18 00:00:00+07:00,4630.0
2017-07-19 00:00:00+07:00,4600.0
2017-07-20 00:00:00+07:00,4630.0
2017-07-21 00:00:00+07:00,4560.0
2017-07-24 00:00:00+07:00,4650.0
2017-07-25 00:00:00+07:00,4720.0
2017-07-26 00:00:00+07:00,4700.0
2017-07-27 00:00:00+07:00,4650.0
2017-07-28 00:00:00+07:00,4700.0
2017-07-31 00:00:00+07:00,4690.0
2017-08-01 00:00:00+07:00,4770.0
2017-08-02 00:00:00+07:00,4800.0
2017-08-03 00:00:00+07:00,4700.0
2017-08-04 00:00:00+07:00,4670.0
2017-08-07 00:00:00+07:00,4670.0
2017-08-08 00:00:00+07:00,4690.0
2017-08-09 00:00:00+07:00,4710.0
2017-08-10 00:00:00+07:00,4710.0
2017-08-11 00:00:00+07:00,4680.0
2017-08-14 00:00:00+07:00,4710.0
2017-08-15 00:00:00+07:00,4730.0
2017-08-16 00:00:00+07:00,4770.0
2017-08-17 00:00:00+07:00,4770.0
2017-08-18 00:00:00+07:00,4780.0
2017-08-21 00:00:00+07:00,4770.0
2017-08-22 00:00:00+07:00,4790.0
2017-08-23 00:00:00+07:00,4800.0
2017-08-24 00:00:00+07:00,4780.0
2017-08-25 00:00:00+07:00,4770.0
2017-08-28 00:00:00+07:00,4750.0
2017-08-29 00:00:00+07:00,4730.0
2017-08-30 00:00:00+07:00,4740.0
2017-08-31 00:00:00+07:00,4690.0
2017-09-01 00:00:00+07:00,4690.0
2017-09-04 00:00:00+07:00,4680.0
2017-09-05 00:00:00+07:00,4650.0
2017-09-06 00:00:00+07:00,4710.0
2017-09-07 00:00:00+07:00,4700.0
2017-09-08 00:00:00+07:00,4720.0
2017-09-11 00:00:00+07:00,4710.0
2017-09-12 00:00:00+07:00,4720.0
2017-09-13 00:00:00+07:00,4690.0
2017-09-14 00:00:00+07:00,4670.0
2017-09-15 00:00:00+07:00,4690.0
2017-09-18 00:00:00+07:00,4710.0
2017-09-19 00:00:00+07:00,4710.0
2017-09-20 00:00:00+07:00,4690.0
2017-09-21 00:00:00+07:00,4690.0
2017-09-22 00:00:00+07:00,4640.0
2017-09-25 00:00:00+07:00,4650.0
2017-09-26 00:00:00+07:00,4690.0
2017-09-27 00:00:00+07:00,4700.0
2017-09-28 00:00:00+07:00,4710.0
2017-09-29 00:00:00+07:00,4680.0
2017-10-02 00:00:00+07:00,4680.0
2017-10-03 00:00:00+07:00,4690.0
2017-10-04 00:00:00+07:00,4690.0
2017-10-05 00:00:00+07:00,4660.0
2017-10-06 00:00:00+07:00,4660.0
2017-10-09 00:00:00+07:00,4620.0
2017-10-10 00:00:00+07:00,4530.0
2017-10-11 00:00:00+07:00,4400.0
2017-10-12 00:00:00+07:00,4440.0
2017-10-13 00:00:00+07:00,4430.0
2017-10-16 00:00:00+07:00,4450.0
2017-10-17 00:00:00+07:00,4400.0
2017-10-18 00:00:00+07:00,4300.0
2017-10-19 00:00:00+07:00,4210.0
2017-10-20 00:00:00+07:00,4270.0
2017-10-23 00:00:00+07:00,4250.0
2017-10-24 00:00:00+07:00,4230.0
2017-10-25 00:00:00+07:00,4090.0
2017-10-26 00:00:00+07:00,4160.0
2017-10-27 00:00:00+07:00,4150.0
2017-10-30 00:00:00+07:00,4080.0
2017-10-31 00:00:00+07:00,4030.0
2017-11-01 00:00:00+07:00,3950.0
2017-11-02 00:00:00+07:00,4030.0
2017-11-03 00:00:00+07:00,4090.0
2017-11-06 00:00:00+07:00,4190.0
2017-11-07 00:00:00+07:00,4190.0
2017-11-08 00:00:00+07:00,4100.0
2017-11-09 00:00:00+07:00,4160.0
2017-11-10 00:00:00+07:00,4120.0
2017-11-13 00:00:00+07:00,4100.0
2017-11-14 00:00:00+07:00,4080.0
2017-11-15 00:00:00+07:00,4130.0
2017-11-16 00:00:00+07:00,4200.0
2017-11-17 00:00:00+07:00,4200.0
2017-11-20 00:00:00+07:00,4150.0
2017-11-21 00:00:00+07:00,4200.0
2017-11-22 00:00:00+07:00,4200.0
2017-11-23 00:00:00+07:00,4250.0
2017-11-24 00:00:00+07:00,4320.0
2017-11-27 00:00:00+07:00,4300.0
2017-11-28 00:00:00+07:00,4240.0
2017-11-29 00:00:00+07:00,4200.0
2017-11-30 00:00:00+07:00,4150.0
2017-12-01 00:00:00+07:00,4150.0
2017-12-04 00:00:00+07:00,4200.0
2017-12-05 00:00:00+07:00,4200.0
2017-12-06 00:00:00+07:00,4200.0
2017-12-07 00:00:00+07:00,4200.0
2017-12-08 00:00:00+07:00,4140.0
2017-12-11 00:00:00+07:00,4140.0
2017-12-12 00:00:00+07:00,4170.0
2017-12-13 00:00:00+07:00,4200.0
2017-12-14 00:00:00+07:00,4250.0
2017-12-15 00:00:00+07:00,4230.0
2017-12-18 00:00:00+07:00,4240.0
2017-12-19 00:00:00+07:00,4190.0
2017-12-20 00:00:00+07:00,4160.0
2017-12-21 00:00:00+07:00,4250.0
2017-12-22 00:00:00+07:00,4300.0
2017-12-25 00:00:00+07:00,4300.0
2017-12-26 00:00:00+07:00,4300.0
2017-12-27 00:00:00+07:00,4300.0
2017-12-28 00:00:00+07:00,4390.0
2017-12-29 00:00:00+07:00,4440.0
2018-01-01 00:00:00+07:00,4440.0
2018-01-02 00:00:00+07:00,4410.0
2018-01-03 00:00:00+07:00,4230.0
2018-01-04 00:00:00+07:00,4220.0
2018-01-05 00:00:00+07:00,4280.0
2018-01-08 00:00:00+07:00,4260.0
2018-01-09 00:00:00+07:00,4200.0
2018-01-10 00:00:00+07:00,4190.0
2018-01-11 00:00:00+07:00,4170.0
2018-01-12 00:00:00+07:00,4130.0
2018-01-15 00:00:00+07:00,4120.0
2018-01-16 00:00:00+07:00,4210.0
2018-01-17 00:00:00+07:00,4200.0
2018-01-18 00:00:00+07:00,4170.0
2018-01-19 00:00:00+07:00,4160.0
2018-01-22 00:00:00+07:00,4130.0
2018-01-23 00:00:00+07:00,4090.0
2018-01-24 00:00:00+07:00,3980.0
2018-01-25 00:00:00+07:00,3970.0
2018-01-26 00:00:00+07:00,4150.0
2018-01-29 00:00:00+07:00,4070.0
2018-01-30 00:00:00+07:00,3970.0
2018-01-31 00:00:00+07:00,3990.0
2018-02-01 00:00:00+07:00,3980.0
2018-02-02 00:00:00+07:00,4000.0
2018-02-05 00:00:00+07:00,4010.0
2018-02-06 00:00:00+07:00,3940.0
2018-02-07 00:00:00+07:00,3980.0
2018-02-08 00:00:00+07:00,4020.0
2018-02-09 00:00:00+07:00,3950.0
2018-02-12 00:00:00+07:00,3960.0
2018-02-13 00:00:00+07:00,4040.0
2018-02-14 00:00:00+07:00,4040.0
2018-02-15 00:00:00+07:00,4010.0
2018-02-16 00:00:00+07:00,4010.0
2018-02-19 00:00:00+07:00,4050.0
2018-02-20 00:00:00+07:00,4070.0
2018-02-21 00:00:00+07:00,4070.0
2018-02-22 00:00:00+07:00,4010.0
2018-02-23 00:00:00+07:00,4030.0
2018-02-26 00:00:00+07:00,4030.0
2018-02-27 00:00:00+07:00,4020.0
2018-02-28 00:00:00+07:00,4000.0
2018-03-01 00:00:00+07:00,4060.0
2018-03-02 00:00:00+07:00,4070.0
2018-03-05 00:00:00+07:00,4020.0
2018-03-06 00:00:00+07:00,4020.0
2018-03-07 00:00:00+07:00,4000.0
2018-03-08 00:00:00+07:00,4140.0
2018-03-09 00:00:00+07:00,4150.0
2018-03-12 00:00:00+07:00,4200.0
2018-03-13 00:00:00+07:00,4090.0
2018-03-14 00:00:00+07:00,4060.0
2018-03-15 00:00:00+07:00,3930.0
2018-03-16 00:00:00+07:00,3820.0
2018-03-19 00:00:00+07:00,3820.0
2018-03-20 00:00:00+07:00,3660.0
2018-03-21 00:00:00+07:00,3710.0
2018-03-22 00:00:00+07:00,3700.0
2018-03-23 00:00:00+07:00,3660.0
2018-03-26 00:00:00+07:00,3590.0
2018-03-27 00:00:00+07:00,3560.0
2018-03-28 00:00:00+07:00,3570.0
2018-03-29 00:00:00+07:00,3600.0
2018-03-30 00:00:00+07:00,3600.0
2018-04-02 00:00:00+07:00,3670.0
2018-04-03 00:00:00+07:00,3630.0
2018-04-04 00:00:00+07:00,3600.0
2018-04-05 00:00:00+07:00,3680.0
2018-04-06 00:00:00+07:00,3650.0
2018-04-09 00:00:00+07:00,3770.0
2018-04-10 00:00:00+07:00,3860.0
2018-04-11 00:00:00+07:00,3870.0
2018-04-12 00:00:00+07:00,3750.0
2018-04-13 00:00:00+07:00,3660.0
2018-04-16 00:00:00+07:00,3660.0
2018-04-17 00:00:00+07:00,3660.0
2018-04-18 00:00:00+07:00,3770.0
2018-04-19 00:00:00+07:00,3770.0
2018-04-20 00:00:00+07:00,3770.0
2018-04-23 00:00:00+07:00,3750.0
2018-04-24 00:00:00+07:00,3830.0
2018-04-25 00:00:00+07:00,3830.0
2018-04-26 00:00:00+07:00,3830.0
2018-04-27 00:00:00+07:00,3830.0
2018-04-30 00:00:00+07:00,3830.0
2018-05-01 00:00:00+07:00,3830.0
2018-05-02 00:00:00+07:00,3870.0
2018-05-03 00:00:00+07:00,3740.0
2018-05-04 00:00:00+07:00,3730.0
2018-05-07 00:00:00+07:00,3800.0
2018-05-08 00:00:00+07:00,3620.0
2018-05-09 00:00:00+07:00,3700.0
2018-05-10 00:00:00+07:00,3700.0
2018-05-11 00:00:00+07:00,3630.0
2018-05-14 00:00:00+07:00,3540.0
2018-05-15 00:00:00+07:00,3370.0
2018-05-16 00:00:00+07:00,3480.0
2018-05-17 00:00:00+07:00,3490.0
2018-05-18 00:00:00+07:00,3490.0
2018-05-21 00:00:00+07:00,3420.0
2018-05-22 00:00:00+07:00,3470.0
2018-05-23 00:00:00+07:00,3470.0
2018-05-24 00:00:00+07:00,3560.0
2018-05-25 00:00:00+07:00,3560.0
2018-05-28 00:00:00+07:00,3690.0
2018-05-29 00:00:00+07:00,3690.0
2018-05-30 00:00:00+07:00,3600.0
2018-05-31 00:00:00+07:00,3520.0
2018-06-01 00:00:00+07:00,3520.0
2018-06-04 00:00:00+07:00,3640.0
2018-06-05 00:00:00+07:00,3830.0
2018-06-06 00:00:00+07:00,3790.0
2018-06-07 00:00:00+07:00,3770.0
2018-06-08 00:00:00+07:00,3610.0
2018-06-11 00:00:00+07:00,3610.0
2018-06-12 00:00:00+07:00,3610.0
2018-06-13 00:00:00+07:00,3610.0
2018-06-14 00:00:00+07:00,3610.0
2018-06-15 00:00:00+07:00,3610.0
2018-06-18 00:00:00+07:00,3610.0
2018-06-19 00:00:00+07:00,3610.0
2018-06-20 00:00:00+07:00,3710.0
2018-06-21 00:00:00+07:00,3610.0
2018-06-22 00:00:00+07:00,3580.0
2018-06-25 00:00:00+07:00,3660.0
2018-06-26 00:00:00+07:00,3690.0
2018-06-27 00:00:00+07:00,3710.0
2018-06-28 00:00:00+07:00,3660.0
2018-06-29 00:00:00+07:00,3750.0
2018-07-02 00:00:00+07:00,3750.0
2018-07-03 00:00:00+07:00,3700.0
2018-07-04 00:00:00+07:00,3760.0
2018-07-05 00:00:00+07:00,3830.0
2018-07-06 00:00:00+07:00,3860.0
2018-07-09 00:00:00+07:00,3980.0
2018-07-10 00:00:00+07:00,4030.0
2018-07-11 00:00:00+07:00,4060.0
2018-07-12 00:00:00+07:00,4100.0
2018-07-13 00:00:00+07:00,4020.0
2018-07-16 00:00:00+07:00,3940.0
2018-07-17 00:00:00+07:00,3940.0
2018-07-18 00:00:00+07:00,4010.0
2018-07-19 00:00:00+07:00,3910.0
2018-07-20 00:00:00+07:00,3990.0
2018-07-23 00:00:00+07:00,4060.0
2018-07-24 00:00:00+07:00,4030.0
2018-07-25 00:00:00+07:00,3900.0
2018-07-26 00:00:00+07:00,3930.0
2018-07-27 00:00:00+07:00,3940.0
2018-07-30 00:00:00+07:00,3910.0
2018-07-31 00:00:00+07:00,3570.0
2018-08-01 00:00:00+07:00,3550.0
2018-08-02 00:00:00+07:00,3500.0
2018-08-03 00:00:00+07:00,3460.0
2018-08-06 00:00:00+07:00,3650.0
2018-08-07 00:00:00+07:00,3580.0
2018-08-08 00:00:00+07:00,3550.0
2018-08-09 00:00:00+07:00,3490.0
2018-08-10 00:00:00+07:00,3500.0
2018-08-13 00:00:00+07:00,3370.0
2018-08-14 00:00:00+07:00,3350.0
2018-08-15 00:00:00+07:00,3430.0
2018-08-16 00:00:00+07:00,3350.0
2018-08-17 00:00:00+07:00,3350.0
2018-08-20 00:00:00+07:00,3390.0
2018-08-21 00:00:00+07:00,3350.0
2018-08-22 00:00:00+07:00,3350.0
2018-08-23 00:00:00+07:00,3300.0
2018-08-24 00:00:00+07:00,3290.0
2018-08-27 00:00:00+07:00,3460.0
2018-08-28 00:00:00+07:00,3580.0
2018-08-29 00:00:00+07:00,3580.0
2018-08-30 00:00:00+07:00,3510.0
2018-08-31 00:00:00+07:00,3490.0
2018-09-03 00:00:00+07:00,3490.0
2018-09-04 00:00:00+07:00,3420.0
2018-09-05 00:00:00+07:00,3270.0
2018-09-06 00:00:00+07:00,3360.0
2018-09-07 00:00:00+07:00,3390.0
2018-09-10 00:00:00+07:00,3380.0
2018-09-11 00:00:00+07:00,3380.0
2018-09-12 00:00:00+07:00,3320.0
2018-09-13 00:00:00+07:00,3450.0
2018-09-14 00:00:00+07:00,3590.0
2018-09-17 00:00:00+07:00,3470.0
2018-09-18 00:00:00+07:00,3570.0
2018-09-19 00:00:00+07:00,3550.0
2018-09-20 00:00:00+07:00,3600.0
2018-09-21 00:00:00+07:00,3600.0
2018-09-24 00:00:00+07:00,3540.0
2018-09-25 00:00:00+07:00,3560.0
2018-09-26 00:00:00+07:00,3540.0
2018-09-27 00:00:00+07:00,3580.0
2018-09-28 00:00:00+07:00,3640.0
2018-10-01 00:00:00+07:00,3670.0
2018-10-02 00:00:00+07:00,3620.0
2018-10-03 00:00:00+07:00,3600.0
2018-10-04 00:00:00+07:00,3600.0
2018-10-05 00:00:00+07:00,3530.0
2018-10-08 00:00:00+07:00,3520.0
2018-10-09 00:00:00+07:00,3590.0
2018-10-10 00:00:00+07:00,3600.0
2018-10-11 00:00:00+07:00,3570.0
2018-10-12 00:00:00+07:00,3680.0
2018-10-15 00:00:00+07:00,3660.0
2018-10-16 00:00:00+07:00,3780.0
2018-10-17 00:00:00+07:00,3900.0
2018-10-18 00:00:00+07:00,3760.0
2018-10-19 00:00:00+07:00,3730.0
2018-10-22 00:00:00+07:00,3800.0
2018-10-23 00:00:00+07:00,3700.0
2018-10-24 00:00:00+07:00,3520.0
2018-10-25 00:00:00+07:00,3550.0
2018-10-26 00:00:00+07:00,3630.0
2018-10-29 00:00:00+07:00,3660.0
2018-10-30 00:00:00+07:00,3800.0
2018-10-31 00:00:00+07:00,3850.0
2018-11-01 00:00:00+07:00,3880.0
2018-11-02 00:00:00+07:00,3940.0
2018-11-05 00:00:00+07:00,3890.0
2018-11-06 00:00:00+07:00,3890.0
2018-11-07 00:00:00+07:00,3950.0
2018-11-08 00:00:00+07:00,4000.0
2018-11-09 00:00:00+07:00,3920.0
2018-11-12 00:00:00+07:00,3860.0
2018-11-13 00:00:00+07:00,3830.0
2018-11-14 00:00:00+07:00,3750.0
2018-11-15 00:00:00+07:00,3910.0
2018-11-16 00:00:00+07:00,4050.0
2018-11-19 00:00:00+07:00,3950.0
2018-11-20 00:00:00+07:00,3950.0
2018-11-21 00:00:00+07:00,3960.0
2018-11-22 00:00:00+07:00,3980.0
2018-11-23 00:00:00+07:00,3990.0
2018-11-26 00:00:00+07:00,3990.0
2018-11-27 00:00:00+07:00,3880.0
2018-11-28 00:00:00+07:00,3720.0
2018-11-29 00:00:00+07:00,3740.0
2018-11-30 00:00:00+07:00,3680.0
2018-12-03 00:00:00+07:00,3700.0
2018-12-04 00:00:00+07:00,3780.0
2018-12-05 00:00:00+07:00,3770.0
2018-12-06 00:00:00+07:00,3710.0
2018-12-07 00:00:00+07:00,3670.0
2018-12-10 00:00:00+07:00,3680.0
2018-12-11 00:00:00+07:00,3620.0
2018-12-12 00:00:00+07:00,3650.0
2018-12-13 00:00:00+07:00,3750.0
2018-12-14 00:00:00+07:00,3730.0
2018-12-17 00:00:00+07:00,3710.0
2018-12-18 00:00:00+07:00,3740.0
2018-12-19 00:00:00+07:00,3810.0
2018-12-20 00:00:00+07:00,3740.0
2018-12-21 00:00:00+07:00,3760.0
2018-12-24 00:00:00+07:00,3760.0
2018-12-25 00:00:00+07:00,3760.0
2018-12-26 00:00:00+07:00,3730.0
2018-12-27 00:00:00+07:00,3750.0
2018-12-28 00:00:00+07:00,3750.0
2018-12-31 00:00:00+07:00,3750.0
2019-01-01 00:00:00+07:00,3750.0
2019-01-02 00:00:00+07:00,3730.0
2019-01-03 00:00:00+07:00,3740.0
2019-01-04 00:00:00+07:00,3710.0
2019-01-07 00:00:00+07:00,3770.0
2019-01-08 00:00:00+07:00,3800.0
2019-01-09 00:00:00+07:00,3730.0
2019-01-10 00:00:00+07:00,3800.0
2019-01-11 00:00:00+07:00,3860.0
2019-01-14 00:00:00+07:00,3850.0
2019-01-15 00:00:00+07:00,3930.0
2019-01-16 00:00:00+07:00,3990.0
2019-01-17 00:00:00+07:00,3990.0
2019-01-18 00:00:00+07:00,4020.0
2019-01-21 00:00:00+07:00,4030.0
2019-01-22 00:00:00+07:00,4000.0
2019-01-23 00:00:00+07:00,3920.0
2019-01-24 00:00:00+07:00,3860.0
2019-01-25 00:00:00+07:00,3880.0
2019-01-28 00:00:00+07:00,3780.0
2019-01-29 00:00:00+07:00,3840.0
2019-01-30 00:00:00+07:00,3860.0
2019-01-31 00:00:00+07:00,3900.0
2019-02-01 00:00:00+07:00,3870.0
2019-02-04 00:00:00+07:00,3780.0
2019-02-05 00:00:00+07:00,3780.0
2019-02-06 00:00:00+07:00,3860.0
2019-02-07 00:00:00+07:00,3860.0
2019-02-08 00:00:00+07:00,3850.0
2019-02-11 00:00:00+07:00,3930.0
2019-02-12 00:00:00+07:00,3820.0
2019-02-13 00:00:00+07:00,3790.0
2019-02-14 00:00:00+07:00,3740.0
2019-02-15 00:00:00+07:00,3790.0
2019-02-18 00:00:00+07:00,3900.0
2019-02-19 00:00:00+07:00,3920.0
2019-02-20 00:00:00+07:00,3870.0
2019-02-21 00:00:00+07:00,3870.0
2019-02-22 00:00:00+07:00,3840.0
2019-02-25 00:00:00+07:00,3910.0
2019-02-26 00:00:00+07:00,3930.0
2019-02-27 00:00:00+07:00,3910.0
2019-02-28 00:00:00+07:00,3860.0
2019-03-01 00:00:00+07:00,3910.0
2019-03-04 00:00:00+07:00,3850.0
2019-03-05 00:00:00+07:00,3870.0
2019-03-06 00:00:00+07:00,3820.0
2019-03-07 00:00:00+07:00,3820.0
2019-03-08 00:00:00+07:00,3740.0
2019-03-11 00:00:00+07:00,3800.0
2019-03-12 00:00:00+07:00,3760.0
2019-03-13 00:00:00+07:00,3720.0
2019-03-14 00:00:00+07:00,3740.0
2019-03-15 00:00:00+07:00,3750.0
2019-03-18 00:00:00+07:00,3820.0
2019-03-19 00:00:00+07:00,3780.0
2019-03-20 00:00:00+07:00,3760.0
2019-03-21 00:00:00+07:00,3790.0
2019-03-22 00:00:00+07:00,3800.0
2019-03-25 00:00:00+07:00,3790.0
2019-03-26 00:00:00+07:00,3820.0
2019-03-27 00:00:00+07:00,3820.0
2019-03-28 00:00:00+07:00,3880.0
2019-03-29 00:00:00+07:00,3960.0
2019-04-01 00:00:00+07:00,3930.0
2019-04-02 00:00:00+07:00,3930.0
2019-04-03 00:00:00+07:00,3930.0
2019-04-04 00:00:00+07:00,4030.0
2019-04-05 00:00:00+07:00,4060.0
2019-04-08 00:00:00+07:00,3950.0
2019-04-09 00:00:00+07:00,3950.0
2019-04-10 00:00:00+07:00,3930.0
2019-04-11 00:00:00+07:00,3890.0
2019-04-12 00:00:00+07:00,3830.0
2019-04-15 00:00:00+07:00,3830.0
2019-04-16 00:00:00+07:00,3870.0
2019-04-17 00:00:00+07:00,3870.0
2019-04-18 00:00:00+07:00,3860.0
2019-04-19 00:00:00+07:00,3860.0
2019-04-22 00:00:00+07:00,3780.0
2019-04-23 00:00:00+07:00,3850.0
2019-04-24 00:00:00+07:00,3840.0
2019-04-25 00:00:00+07:00,3830.0
2019-04-26 00:00:00+07:00,3910.0
2019-04-29 00:00:00+07:00,3860.0
2019-04-30 00:00:00+07:00,3790.0
2019-05-01 00:00:00+07:00,3790.0
2019-05-02 00:00:00+07:00,3830.0
2019-05-03 00:00:00+07:00,3820.0
2019-05-06 00:00:00+07:00,3840.0
2019-05-07 00:00:00+07:00,3900.0
2019-05-08 00:00:00+07:00,3900.0
2019-05-09 00:00:00+07:00,3800.0
2019-05-10 00:00:00+07:00,3790.0
2019-05-13 00:00:00+07:00,3770.0
2019-05-14 00:00:00+07:00,3760.0
2019-05-15 00:00:00+07:00,3660.0
2019-05-16 00:00:00+07:00,3600.0
2019-05-17 00:00:00+07:00,3510.0
2019-05-20 00:00:00+07:00,3600.0
2019-05-21 00:00:00+07:00,3600.0
2019-05-22 00:00:00+07:00,3540.0
2019-05-23 00:00:00+07:00,3660.0
2019-05-24 00:00:00+07:00,3750.0
2019-05-27 00:00:00+07:00,3820.0
2019-05-28 00:00:00+07:00,3690.0
2019-05-29 00:00:00+07:00,3780.0
2019-05-30 00:00:00+07:00,3780.0
2019-05-31 00:00:00+07:00,3900.0
2019-06-03 00:00:00+07:00,3900.0
2019-06-04 00:00:00+07:00,3900.0
2019-06-05 00:00:00+07:00,3900.0
2019-06-06 00:00:00+07:00,3900.0
2019-06-07 00:00:00+07:00,3900.0
2019-06-10 00:00:00+07:00,4040.0
2019-06-11 00:00:00+07:00,4020.0
2019-06-12 00:00:00+07:00,3940.0
2019-06-13 00:00:00+07:00,3990.0
2019-06-14 00:00:00+07:00,3990.0
2019-06-17 00:00:00+07:00,3900.0
2019-06-18 00:00:00+07:00,3980.0
2019-06-20 00:00:00+07:00,4040.0
2019-06-21 00:00:00+07:00,4040.0
2019-06-24 00:00:00+07:00,3980.0
2019-06-25 00:00:00+07:00,4010.0
2019-06-26 00:00:00+07:00,3980.0
2019-06-27 00:00:00+07:00,4090.0
2019-06-28 00:00:00+07:00,4140.0
2019-07-01 00:00:00+07:00,4220.0
2019-07-02 00:00:00+07:00,4250.0
2019-07-03 00:00:00+07:00,4240.0
2019-07-04 00:00:00+07:00,4250.0
2019-07-05 00:00:00+07:00,4280.0
2019-07-08 00:00:00+07:00,4270.0
2019-07-09 00:00:00+07:00,4350.0
2019-07-10 00:00:00+07:00,4290.0
2019-07-11 00:00:00+07:00,4270.0
2019-07-12 00:00:00+07:00,4180.0
2019-07-15 00:00:00+07:00,4280.0
2019-07-16 00:00:00+07:00,4240.0
2019-07-17 00:00:00+07:00,4230.0
2019-07-18 00:00:00+07:00,4240.0
2019-07-19 00:00:00+07:00,4270.0
2019-07-22 00:00:00+07:00,4260.0
2019-07-23 00:00:00+07:00,4250.0
2019-07-24 00:00:00+07:00,4190.0
2019-07-25 00:00:00+07:00,4210.0
2019-07-26 00:00:00+07:00,4160.0
2019-07-29 00:00:00+07:00,4200.0
2019-07-30 00:00:00+07:00,4270.0
2019-07-31 00:00:00+07:00,4300.0
2019-08-01 00:00:00+07:00,4280.0
2019-08-02 00:00:00+07:00,4280.0
2019-08-05 00:00:00+07:00,4080.0
2019-08-06 00:00:00+07:00,4130.0
2019-08-07 00:00:00+07:00,4210.0
2019-08-08 00:00:00+07:00,4260.0
2019-08-09 00:00:00+07:00,4260.0
2019-08-12 00:00:00+07:00,4260.0
2019-08-13 00:00:00+07:00,4250.0
2019-08-14 00:00:00+07:00,4290.0
2019-08-15 00:00:00+07:00,4290.0
2019-08-16 00:00:00+07:00,4280.0
2019-08-19 00:00:00+07:00,4340.0
2019-08-20 00:00:00+07:00,4470.0
2019-08-21 00:00:00+07:00,4410.0
2019-08-22 00:00:00+07:00,4450.0
2019-08-23 00:00:00+07:00,4380.0
2019-08-26 00:00:00+07:00,4330.0
2019-08-27 00:00:00+07:00,4380.0
2019-08-28 00:00:00+07:00,4370.0
2019-08-29 00:00:00+07:00,4380.0
2019-08-30 00:00:00+07:00,4450.0
2019-09-02 00:00:00+07:00,4410.0
2019-09-03 00:00:00+07:00,4350.0
2019-09-04 00:00:00+07:00,4290.0
2019-09-05 00:00:00+07:00,4320.0
2019-09-06 00:00:00+07:00,4210.0
2019-09-09 00:00:00+07:00,4270.0
2019-09-10 00:00:00+07:00,4270.0
2019-09-11 00:00:00+07:00,4250.0
2019-09-12 00:00:00+07:00,4170.0
2019-09-13 00:00:00+07:00,4160.0
2019-09-16 00:00:00+07:00,4220.0
2019-09-17 00:00:00+07:00,4270.0
2019-09-18 00:00:00+07:00,4250.0
2019-09-19 00:00:00+07:00,4210.0
2019-09-20 00:00:00+07:00,4290.0
2019-09-23 00:00:00+07:00,4250.0
2019-09-24 00:00:00+07:00,4210.0
2019-09-25 00:00:00+07:00,4220.0
2019-09-26 00:00:00+07:00,4360.0
2019-09-27 00:00:00+07:00,4310.0
2019-09-30 00:00:00+07:00,4310.0
2019-10-01 00:00:00+07:00,4250.0
2019-10-02 00:00:00+07:00,4200.0
2019-10-03 00:00:00+07:00,4200.0
2019-10-04 00:00:00+07:00,4190.0
2019-10-07 00:00:00+07:00,4110.0
2019-10-08 00:00:00+07:00,4090.0
2019-10-09 00:00:00+07:00,4120.0
2019-10-10 00:00:00+07:00,4110.0
2019-10-11 00:00:00+07:00,4170.0
2019-10-14 00:00:00+07:00,4190.0
2019-10-15 00:00:00+07:00,4170.0
2019-10-16 00:00:00+07:00,4170.0
2019-10-17 00:00:00+07:00,4170.0
2019-10-18 00:00:00+07:00,4190.0
2019-10-21 00:00:00+07:00,4200.0
2019-10-22 00:00:00+07:00,4230.0
2019-10-23 00:00:00+07:00,4260.0
2019-10-24 00:00:00+07:00,4350.0
2019-10-25 00:00:00+07:00,4280.0
2019-10-28 00:00:00+07:00,4260.0
2019-10-29 00:00:00+07:00,4330.0
2019-10-30 00:00:00+07:00,4270.0
2019-10-31 00:00:00+07:00,4110.0
2019-11-01 00:00:00+07:00,4080.0
2019-11-04 00:00:00+07:00,4150.0
2019-11-05 00:00:00+07:00,4200.0
2019-11-06 00:00:00+07:00,4120.0
2019-11-07 00:00:00+07:00,4070.0
2019-11-08 00:00:00+07:00,4110.0
2019-11-11 00:00:00+07:00,4100.0
2019-11-12 00:00:00+07:00,4180.0
2019-11-13 00:00:00+07:00,4150.0
2019-11-14 00:00:00+07:00,4050.0
2019-11-15 00:00:00+07:00,4080.0
2019-11-18 00:00:00+07:00,4000.0
2019-11-19 00:00:00+07:00,4020.0
2019-11-20 00:00:00+07:00,4090.0
2019-11-21 00:00:00+07:00,4020.0
2019-11-22 00:00:00+07:00,4050.0
2019-11-25 00:00:00+07:00,3950.0
2019-11-26 00:00:00+07:00,3860.0
2019-11-27 00:00:00+07:00,3880.0
2019-11-28 00:00:00+07:00,3820.0
2019-11-29 00:00:00+07:00,3930.0
2019-12-02 00:00:00+07:00,3950.0
2019-12-03 00:00:00+07:00,3920.0
2019-12-04 00:00:00+07:00,3990.0
2019-12-05 00:00:00+07:00,4060.0
2019-12-06 00:00:00+07:00,4100.0
2019-12-09 00:00:00+07:00,4070.0
2019-12-10 00:00:00+07:00,4040.0
2019-12-11 00:00:00+07:00,4050.0
2019-12-12 00:00:00+07:00,3950.0
2019-12-13 00:00:00+07:00,3990.0
2019-12-16 00:00:00+07:00,3970.0
2019-12-17 00:00:00+07:00,3980.0
2019-12-18 00:00:00+07:00,3990.0
2019-12-19 00:00:00+07:00,3900.0
2019-12-20 00:00:00+07:00,4020.0
2019-12-23 00:00:00+07:00,4020.0
2019-12-26 00:00:00+07:00,4000.0
2019-12-27 00:00:00+07:00,3990.0
2019-12-30 00:00:00+07:00,3970.0
2020-01-02 00:00:00+07:00,3910.0
2020-01-03 00:00:00+07:00,3980.0
2020-01-06 00:00:00+07:00,3960.0
2020-01-07 00:00:00+07:00,3940.0
2020-01-08 00:00:00+07:00,3900.0
2020-01-09 00:00:00+07:00,3960.0
2020-01-10 00:00:00+07:00,3980.0
2020-01-13 00:00:00+07:00,4030.0
2020-01-14 00:00:00+07:00,3950.0
2020-01-15 00:00:00+07:00,3880.0
2020-01-16 00:00:00+07:00,3850.0
2020-01-17 00:00:00+07:00,3810.0
2020-01-20 00:00:00+07:00,3810.0
2020-01-21 00:00:00+07:00,3890.0
2020-01-22 00:00:00+07:00,3860.0
2020-01-23 00:00:00+07:00,3880.0
2020-01-24 00:00:00+07:00,3920.0
2020-01-27 00:00:00+07:00,3840.0
2020-01-28 00:00:00+07:00,3830.0
2020-01-29 00:00:00+07:00,3900.0
2020-01-30 00:00:00+07:00,3860.0
2020-01-31 00:00:00+07:00,3800.0
2020-02-03 00:00:00+07:00,3740.0
2020-02-04 00:00:00+07:00,3760.0
2020-02-05 00:00:00+07:00,3770.0
2020-02-06 00:00:00+07:00,3760.0
2020-02-07 00:00:00+07:00,3790.0
2020-02-10 00:00:00+07:00,3810.0
2020-02-11 00:00:00+07:00,3790.0
2020-02-12 00:00:00+07:00,3820.0
2020-02-13 00:00:00+07:00,3730.0
2020-02-14 00:00:00+07:00,3640.0
2020-02-17 00:00:00+07:00,3610.0
2020-02-18 00:00:00+07:00,3620.0
2020-02-19 00:00:00+07:00,3620.0
2020-02-20 00:00:00+07:00,3630.0
2020-02-21 00:00:00+07:00,3690.0
2020-02-24 00:00:00+07:00,3640.0
2020-02-25 00:00:00+07:00,3590.0
2020-02-26 00:00:00+07:00,3510.0
2020-02-27 00:00:00+07:00,3470.0
2020-02-28 00:00:00+07:00,3490.0
2020-03-02 00:00:00+07:00,3440.0
2020-03-03 00:00:00+07:00,3620.0
2020-03-04 00:00:00+07:00,3830.0
2020-03-05 00:00:00+07:00,3830.0
2020-03-06 00:00:00+07:00,3750.0
2020-03-09 00:00:00+07:00,3500.0
2020-03-10 00:00:00+07:00,3490.0
2020-03-11 00:00:00+07:00,3400.0
2020-03-12 00:00:00+07:00,3310.0
2020-03-13 00:00:00+07:00,3310.0
2020-03-16 00:00:00+07:00,3160.0
2020-03-17 00:00:00+07:00,2940.0
2020-03-18 00:00:00+07:00,2810.0
2020-03-19 00:00:00+07:00,2620.0
2020-03-20 00:00:00+07:00,2880.0
2020-03-23 00:00:00+07:00,2680.0
2020-03-24 00:00:00+07:00,2620.0
2020-03-26 00:00:00+07:00,2980.0
2020-03-27 00:00:00+07:00,3090.0
2020-03-30 00:00:00+07:00,3140.0
2020-03-31 00:00:00+07:00,3160.0
2020-04-01 00:00:00+07:00,3100.0
2020-04-02 00:00:00+07:00,3130.0
2020-04-03 00:00:00+07:00,3200.0
2020-04-06 00:00:00+07:00,3330.0
2020-04-07 00:00:00+07:00,3220.0
2020-04-08 00:00:00+07:00,3110.0
2020-04-09 00:00:00+07:00,3120.0
2020-04-13 00:00:00+07:00,3180.0
2020-04-14 00:00:00+07:00,3240.0
2020-04-15 00:00:00+07:00,3110.0
2020-04-16 00:00:00+07:00,3000.0
2020-04-17 00:00:00+07:00,3230.0
2020-04-20 00:00:00+07:00,3120.0
2020-04-21 00:00:00+07:00,3070.0
2020-04-22 00:00:00+07:00,3160.0
2020-04-23 00:00:00+07:00,3070.0
2020-04-24 00:00:00+07:00,3090.0
2020-04-27 00:00:00+07:00,3150.0
2020-04-28 00:00:00+07:00,3160.0
2020-04-29 00:00:00+07:00,3350.0
2020-04-30 00:00:00+07:00,3500.0
2020-05-04 00:00:00+07:00,3320.0
2020-05-05 00:00:00+07:00,3320.0
2020-05-06 00:00:00+07:00,3240.0
2020-05-08 00:00:00+07:00,3190.0
2020-05-11 00:00:00+07:00,3220.0
2020-05-12 00:00:00+07:00,3150.0
2020-05-13 00:00:00+07:00,3160.0
2020-05-14 00:00:00+07:00,3070.0
2020-05-15 00:00:00+07:00,3100.0
2020-05-18 00:00:00+07:00,3220.0
2020-05-19 00:00:00+07:00,3270.0
2020-05-20 00:00:00+07:00,3180.0
2020-05-26 00:00:00+07:00,3250.0
2020-05-27 00:00:00+07:00,3170.0
2020-05-28 00:00:00+07:00,3130.0
2020-05-29 00:00:00+07:00,3150.0
2020-06-02 00:00:00+07:00,3250.0
2020-06-03 00:00:00+07:00,3290.0
2020-06-04 00:00:00+07:00,3300.0
2020-06-05 00:00:00+07:00,3230.0
2020-06-08 00:00:00+07:00,3230.0
2020-06-09 00:00:00+07:00,3140.0
2020-06-10 00:00:00+07:00,3110.0
2020-06-11 00:00:00+07:00,3080.0
2020-06-12 00:00:00+07:00,3030.0
2020-06-15 00:00:00+07:00,3090.0
2020-06-16 00:00:00+07:00,3200.0
2020-06-17 00:00:00+07:00,3210.0
2020-06-18 00:00:00+07:00,3280.0
2020-06-19 00:00:00+07:00,3280.0
2020-06-22 00:00:00+07:00,3200.0
2020-06-23 00:00:00+07:00,3130.0
2020-06-24 00:00:00+07:00,3180.0
2020-06-25 00:00:00+07:00,3160.0
2020-06-26 00:00:00+07:00,3190.0
2020-06-29 00:00:00+07:00,3180.0
2020-06-30 00:00:00+07:00,3050.0
2020-07-01 00:00:00+07:00,3040.0
2020-07-02 00:00:00+07:00,3140.0
2020-07-03 00:00:00+07:00,3120.0
2020-07-06 00:00:00+07:00,3050.0
2020-07-07 00:00:00+07:00,3120.0
2020-07-08 00:00:00+07:00,3150.0
2020-07-09 00:00:00+07:00,3110.0
2020-07-10 00:00:00+07:00,3110.0
2020-07-13 00:00:00+07:00,3090.0
2020-07-14 00:00:00+07:00,3080.0
2020-07-15 00:00:00+07:00,3090.0
2020-07-16 00:00:00+07:00,3100.0
2020-07-17 00:00:00+07:00,3060.0
2020-07-20 00:00:00+07:00,3060.0
2020-07-21 00:00:00+07:00,3060.0
2020-07-22 00:00:00+07:00,3070.0
2020-07-23 00:00:00+07:00,3070.0
2020-07-24 00:00:00+07:00,3020.0
2020-07-27 00:00:00+07:00,3040.0
2020-07-28 00:00:00+07:00,3020.0
2020-07-29 00:00:00+07:00,3000.0
2020-07-30 00:00:00+07:00,3050.0
2020-08-03 00:00:00+07:00,2920.0
2020-08-04 00:00:00+07:00,2950.0
2020-08-05 00:00:00+07:00,3020.0
2020-08-06 00:00:00+07:00,3020.0
2020-08-07 00:00:00+07:00,2980.0
2020-08-10 00:00:00+07:00,2970.0
2020-08-11 00:00:00+07:00,2930.0
2020-08-12 00:00:00+07:00,2950.0
2020-08-13 00:00:00+07:00,3010.0
2020-08-14 00:00:00+07:00,3030.0
2020-08-18 00:00:00+07:00,3050.0
2020-08-19 00:00:00+07:00,3000.0
2020-08-24 00:00:00+07:00,3000.0
2020-08-25 00:00:00+07:00,2980.0
2020-08-26 00:00:00+07:00,3020.0
2020-08-27 00:00:00+07:00,2990.0
2020-08-28 00:00:00+07:00,2960.0
2020-08-31 00:00:00+07:00,2860.0
2020-09-01 00:00:00+07:00,2900.0
2020-09-02 00:00:00+07:00,2950.0
2020-09-03 00:00:00+07:00,2900.0
2020-09-04 00:00:00+07:00,2860.0
2020-09-07 00:00:00+07:00,2900.0
2020-09-08 00:00:00+07:00,2860.0
2020-09-09 00:00:00+07:00,2800.0
2020-09-10 00:00:00+07:00,2700.0
2020-09-11 00:00:00+07:00,2810.0
2020-09-14 00:00:00+07:00,2890.0
2020-09-15 00:00:00+07:00,2830.0
2020-09-16 00:00:00+07:00,2790.0
2020-09-17 00:00:00+07:00,2820.0
2020-09-18 00:00:00+07:00,2890.0
2020-09-21 00:00:00+07:00,2810.0
2020-09-22 00:00:00+07:00,2780.0
2020-09-23 00:00:00+07:00,2800.0
2020-09-24 00:00:00+07:00,2730.0
2020-09-25 00:00:00+07:00,2690.0
2020-09-28 00:00:00+07:00,2660.0
2020-09-29 00:00:00+07:00,2630.0
2020-09-30 00:00:00+07:00,2560.0
2020-10-01 00:00:00+07:00,2750.0
2020-10-02 00:00:00+07:00,2680.0
2020-10-05 00:00:00+07:00,2650.0
2020-10-06 00:00:00+07:00,2650.0
2020-10-07 00:00:00+07:00,2660.0
2020-10-08 00:00:00+07:00,2700.0
2020-10-09 00:00:00+07:00,2730.0
2020-10-12 00:00:00+07:00,2730.0
2020-10-13 00:00:00+07:00,2730.0
2020-10-14 00:00:00+07:00,2810.0
2020-10-15 00:00:00+07:00,2780.0
2020-10-16 00:00:00+07:00,2750.0
2020-10-19 00:00:00+07:00,2710.0
2020-10-20 00:00:00+07:00,2670.0
2020-10-21 00:00:00+07:00,2680.0
2020-10-22 00:00:00+07:00,2700.0
2020-10-23 00:00:00+07:00,2630.0
2020-10-26 00:00:00+07:00,2650.0
2020-10-27 00:00:00+07:00,2620.0
2020-11-02 00:00:00+07:00,2560.0
2020-11-03 00:00:00+07:00,2580.0
2020-11-04 00:00:00+07:00,2580.0
2020-11-05 00:00:00+07:00,2770.0
2020-11-06 00:00:00+07:00,2830.0
2020-11-09 00:00:00+07:00,2880.0
2020-11-10 00:00:00+07:00,2860.0
2020-11-11 00:00:00+07:00,3080.0
2020-11-12 00:00:00+07:00,3040.0
2020-11-13 00:00:00+07:00,2990.0
2020-11-16 00:00:00+07:00,3070.0
2020-11-17 00:00:00+07:00,3220.0
2020-11-18 00:00:00+07:00,3180.0
2020-11-19 00:00:00+07:00,3170.0
2020-11-20 00:00:00+07:00,3220.0
2020-11-23 00:00:00+07:00,3320.0
2020-11-24 00:00:00+07:00,3350.0
2020-11-25 00:00:00+07:00,3280.0
2020-11-26 00:00:00+07:00,3470.0
2020-11-27 00:00:00+07:00,3460.0
2020-11-30 00:00:00+07:00,3230.0
2020-12-01 00:00:00+07:00,3240.0
2020-12-02 00:00:00+07:00,3330.0
2020-12-03 00:00:00+07:00,3300.0
2020-12-04 00:00:00+07:00,3250.0
2020-12-07 00:00:00+07:00,3330.0
2020-12-08 00:00:00+07:00,3300.0
2020-12-10 00:00:00+07:00,3260.0
2020-12-11 00:00:00+07:00,3280.0
2020-12-14 00:00:00+07:00,3320.0
2020-12-15 00:00:00+07:00,3450.0
2020-12-16 00:00:00+07:00,3610.0
2020-12-17 00:00:00+07:00,3540.0
2020-12-18 00:00:00+07:00,3510.0
2020-12-21 00:00:00+07:00,3520.0
2020-12-22 00:00:00+07:00,3360.0
2020-12-23 00:00:00+07:00,3320.0
2020-12-28 00:00:00+07:00,3430.0
2020-12-29 00:00:00+07:00,3420.0
2020-12-30 00:00:00+07:00,3310.0
2021-01-04 00:00:00+07:00,3490.0
2021-01-05 00:00:00+07:00,3470.0
2021-01-06 00:00:00+07:00,3370.0
2021-01-07 00:00:00+07:00,3390.0
2021-01-08 00:00:00+07:00,3570.0
2021-01-11 00:00:00+07:00,3600.0
2021-01-12 00:00:00+07:00,3510.0
2021-01-13 00:00:00+07:00,3480.0
2021-01-14 00:00:00+07:00,3500.0
2021-01-15 00:00:00+07:00,3480.0
2021-01-18 00:00:00+07:00,3450.0
2021-01-19 00:00:00+07:00,3410.0
2021-01-20 00:00:00+07:00,3470.0
2021-01-21 00:00:00+07:00,3480.0
2021-01-22 00:00:00+07:00,3390.0
2021-01-25 00:00:00+07:00,3370.0
2021-01-26 00:00:00+07:00,3260.0
2021-01-27 00:00:00+07:00,3380.0
2021-01-28 00:00:00+07:00,3240.0
2021-01-29 00:00:00+07:00,3110.0
2021-02-01 00:00:00+07:00,3230.0
2021-02-02 00:00:00+07:00,3270.0
2021-02-03 00:00:00+07:00,3240.0
2021-02-04 00:00:00+07:00,3290.0
2021-02-05 00:00:00+07:00,3290.0
2021-02-08 00:00:00+07:00,3280.0
2021-02-09 00:00:00+07:00,3200.0
2021-02-10 00:00:00+07:00,3190.0
2021-02-11 00:00:00+07:00,3190.0
2021-02-15 00:00:00+07:00,3220.0
2021-02-16 00:00:00+07:00,3210.0
2021-02-17 00:00:00+07:00,3150.0
2021-02-18 00:00:00+07:00,3180.0
2021-02-19 00:00:00+07:00,3210.0
2021-02-22 00:00:00+07:00,3170.0
2021-02-23 00:00:00+07:00,3470.0
2021-02-24 00:00:00+07:00,3480.0
2021-02-25 00:00:00+07:00,3490.0
2021-02-26 00:00:00+07:00,3490.0
2021-03-01 00:00:00+07:00,3490.0
2021-03-02 00:00:00+07:00,3460.0
2021-03-03 00:00:00+07:00,3440.0
2021-03-04 00:00:00+07:00,3360.0
2021-03-05 00:00:00+07:00,3320.0
2021-03-08 00:00:00+07:00,3340.0
2021-03-09 00:00:00+07:00,3290.0
2021-03-10 00:00:00+07:00,3400.0
2021-03-12 00:00:00+07:00,3450.0
2021-03-15 00:00:00+07:00,3380.0
2021-03-16 00:00:00+07:00,3360.0
2021-03-17 00:00:00+07:00,3390.0
2021-03-18 00:00:00+07:00,3450.0
2021-03-19 00:00:00+07:00,3440.0
2021-03-22 00:00:00+07:00,3380.0
2021-03-23 00:00:00+07:00,3360.0
2021-03-24 00:00:00+07:00,3370.0
2021-03-25 00:00:00+07:00,3410.0
2021-03-26 00:00:00+07:00,3490.0
2021-03-29 00:00:00+07:00,3410.0
2021-03-30 00:00:00+07:00,3380.0
2021-03-31 00:00:00+07:00,3420.0
2021-04-01 00:00:00+07:00,3390.0
2021-04-05 00:00:00+07:00,3380.0
2021-04-06 00:00:00+07:00,3370.0
2021-04-07 00:00:00+07:00,3400.0
2021-04-08 00:00:00+07:00,3390.0
2021-04-09 00:00:00+07:00,3360.0
2021-04-12 00:00:00+07:00,3310.0
2021-04-13 00:00:00+07:00,3330.0
2021-04-14 00:00:00+07:00,3340.0
2021-04-15 00:00:00+07:00,3360.0
2021-04-16 00:00:00+07:00,3360.0
2021-04-19 00:00:00+07:00,3340.0
2021-04-20 00:00:00+07:00,3320.0
2021-04-21 00:00:00+07:00,3280.0
2021-04-22 00:00:00+07:00,3330.0
2021-04-23 00:00:00+07:00,3310.0
2021-04-26 00:00:00+07:00,3250.0
2021-04-27 00:00:00+07:00,3160.0
2021-04-28 00:00:00+07:00,3140.0
2021-04-29 00:00:00+07:00,3200.0
2021-04-30 00:00:00+07:00,3200.0
2021-05-03 00:00:00+07:00,3170.0
2021-05-04 00:00:00+07:00,3210.0
2021-05-05 00:00:00+07:00,3200.0
2021-05-06 00:00:00+07:00,3190.0
2021-05-07 00:00:00+07:00,3190.0
2021-05-10 00:00:00+07:00,3170.0
2021-05-11 00:00:00+07:00,3180.0
2021-05-17 00:00:00+07:00,3190.0
2021-05-18 00:00:00+07:00,3180.0
2021-05-19 00:00:00+07:00,3160.0
2021-05-20 00:00:00+07:00,3310.0
2021-05-21 00:00:00+07:00,3270.0
2021-05-24 00:00:00+07:00,3260.0
2021-05-25 00:00:00+07:00,3300.0
2021-05-27 00:00:00+07:00,3380.0
2021-05-28 00:00:00+07:00,3270.0
2021-05-31 00:00:00+07:00,3440.0
2021-06-02 00:00:00+07:00,3450.0
2021-06-03 00:00:00+07:00,3490.0
2021-06-04 00:00:00+07:00,3500.0
2021-06-07 00:00:00+07:00,3550.0
2021-06-08 00:00:00+07:00,3500.0
2021-06-09 00:00:00+07:00,3390.0
2021-06-10 00:00:00+07:00,3480.0
2021-06-11 00:00:00+07:00,3470.0
2021-06-14 00:00:00+07:00,3410.0
2021-06-15 00:00:00+07:00,3440.0
2021-06-16 00:00:00+07:00,3410.0
2021-06-17 00:00:00+07:00,3350.0
2021-06-18 00:00:00+07:00,3350.0
2021-06-21 00:00:00+07:00,3300.0
2021-06-22 00:00:00+07:00,3300.0
2021-06-23 00:00:00+07:00,3370.0
2021-06-24 00:00:00+07:00,3250.0
2021-06-25 00:00:00+07:00,3250.0
2021-06-28 00:00:00+07:00,3170.0
2021-06-29 00:00:00+07:00,3160.0
2021-06-30 00:00:00+07:00,3150.0
2021-07-01 00:00:00+07:00,3110.0
2021-07-02 00:00:00+07:00,3070.0
2021-07-05 00:00:00+07:00,3040.0
2021-07-06 00:00:00+07:00,3010.0
2021-07-07 00:00:00+07:00,3030.0
2021-07-08 00:00:00+07:00,3010.0
2021-07-09 00:00:00+07:00,3160.0
2021-07-12 00:00:00+07:00,3130.0
2021-07-13 00:00:00+07:00,3070.0
2021-07-14 00:00:00+07:00,3060.0
2021-07-15 00:00:00+07:00,3130.0
2021-07-16 00:00:00+07:00,3170.0
2021-07-19 00:00:00+07:00,3220.0
2021-07-21 00:00:00+07:00,3210.0
2021-07-22 00:00:00+07:00,3260.0
2021-07-23 00:00:00+07:00,3170.0
2021-07-26 00:00:00+07:00,3190.0
2021-07-27 00:00:00+07:00,3270.0
2021-07-28 00:00:00+07:00,3190.0
2021-07-29 00:00:00+07:00,3230.0
2021-07-30 00:00:00+07:00,3240.0
2021-08-02 00:00:00+07:00,3310.0
2021-08-03 00:00:00+07:00,3330.0
2021-08-04 00:00:00+07:00,3370.0
2021-08-05 00:00:00+07:00,3340.0
2021-08-06 00:00:00+07:00,3320.0
2021-08-09 00:00:00+07:00,3250.0
2021-08-10 00:00:00+07:00,3230.0
2021-08-12 00:00:00+07:00,3350.0
2021-08-13 00:00:00+07:00,3300.0
2021-08-16 00:00:00+07:00,3340.0
2021-08-18 00:00:00+07:00,3420.0
2021-08-19 00:00:00+07:00,3390.0
2021-08-20 00:00:00+07:00,3400.0
2021-08-23 00:00:00+07:00,3440.0
2021-08-24 00:00:00+07:00,3400.0
2021-08-25 00:00:00+07:00,3370.0
2021-08-26 00:00:00+07:00,3360.0
2021-08-27 00:00:00+07:00,3320.0
2021-08-30 00:00:00+07:00,3400.0
2021-08-31 00:00:00+07:00,3400.0
2021-09-01 00:00:00+07:00,3340.0
2021-09-02 00:00:00+07:00,3370.0
2021-09-03 00:00:00+07:00,3390.0
2021-09-06 00:00:00+07:00,3390.0
2021-09-07 00:00:00+07:00,3380.0
2021-09-08 00:00:00+07:00,3330.0
2021-09-09 00:00:00+07:00,3390.0
2021-09-10 00:00:00+07:00,3330.0
2021-09-13 00:00:00+07:00,3350.0
2021-09-14 00:00:00+07:00,3440.0
2021-09-15 00:00:00+07:00,3450.0
2021-09-16 00:00:00+07:00,3440.0
2021-09-17 00:00:00+07:00,3530.0
2021-09-20 00:00:00+07:00,3520.0
2021-09-21 00:00:00+07:00,3530.0
2021-09-22 00:00:00+07:00,3590.0
2021-09-23 00:00:00+07:00,3560.0
2021-09-24 00:00:00+07:00,3560.0
2021-09-27 00:00:00+07:00,3520.0
2021-09-28 00:00:00+07:00,3530.0
2021-09-29 00:00:00+07:00,3530.0
2021-09-30 00:00:00+07:00,3690.0
2021-10-01 00:00:00+07:00,3660.0
2021-10-04 00:00:00+07:00,3670.0
2021-10-05 00:00:00+07:00,3670.0
2021-10-06 00:00:00+07:00,3760.0
2021-10-07 00:00:00+07:00,3720.0
2021-10-08 00:00:00+07:00,3800.0
2021-10-11 00:00:00+07:00,3810.0
2021-10-12 00:00:00+07:00,3780.0
2021-10-13 00:00:00+07:00,3770.0
2021-10-14 00:00:00+07:00,3830.0
2021-10-15 00:00:00+07:00,3810.0
2021-10-18 00:00:00+07:00,3790.0
2021-10-19 00:00:00+07:00,3740.0
2021-10-21 00:00:00+07:00,3850.0
2021-10-22 00:00:00+07:00,3870.0
2021-10-25 00:00:00+07:00,3780.0
2021-10-26 00:00:00+07:00,3800.0
2021-10-27 00:00:00+07:00,3790.0
2021-10-28 00:00:00+07:00,3750.0
2021-10-29 00:00:00+07:00,3800.0
2021-11-01 00:00:00+07:00,3700.0
2021-11-02 00:00:00+07:00,3660.0
2021-11-03 00:00:00+07:00,3720.0
2021-11-04 00:00:00+07:00,3770.0
2021-11-05 00:00:00+07:00,3770.0
2021-11-08 00:00:00+07:00,3750.0
2021-11-09 00:00:00+07:00,3710.0
2021-11-10 00:00:00+07:00,3700.0
2021-11-11 00:00:00+07:00,3650.0
2021-11-12 00:00:00+07:00,3600.0
2021-11-15 00:00:00+07:00,3600.0
2021-11-16 00:00:00+07:00,3670.0
2021-11-17 00:00:00+07:00,3630.0
2021-11-18 00:00:00+07:00,3630.0
2021-11-19 00:00:00+07:00,3900.0
2021-11-22 00:00:00+07:00,3800.0
2021-11-23 00:00:00+07:00,3800.0
2021-11-24 00:00:00+07:00,3800.0
2021-11-25 00:00:00+07:00,4000.0
2021-11-26 00:00:00+07:00,4010.0
2021-11-29 00:00:00+07:00,4140.0
2021-11-30 00:00:00+07:00,3990.0
2021-12-01 00:00:00+07:00,4080.0
2021-12-02 00:00:00+07:00,4160.0
2021-12-03 00:00:00+07:00,4070.0
2021-12-06 00:00:00+07:00,4170.0
2021-12-07 00:00:00+07:00,4150.0
2021-12-08 00:00:00+07:00,4090.0
2021-12-09 00:00:00+07:00,4150.0
2021-12-10 00:00:00+07:00,4150.0
2021-12-13 00:00:00+07:00,4080.0
2021-12-14 00:00:00+07:00,4100.0
2021-12-15 00:00:00+07:00,4080.0
2021-12-16 00:00:00+07:00,4100.0
2021-12-17 00:00:00+07:00,4100.0
2021-12-20 00:00:00+07:00,4080.0
2021-12-21 00:00:00+07:00,4160.0
2021-12-22 00:00:00+07:00,4110.0
2021-12-23 00:00:00+07:00,4160.0
2021-12-24 00:00:00+07:00,4110.0
2021-12-27 00:00:00+07:00,4080.0
2021-12-28 00:00:00+07:00,4090.0
2021-12-29 00:00:00+07:00,4080.0
2021-12-30 00:00:00+07:00,4040.0
2022-01-03 00:00:00+07:00,4180.0
2022-01-04 00:00:00+07:00,4170.0
2022-01-05 00:00:00+07:00,4050.0
2022-01-06 00:00:00+07:00,4120.0
2022-01-07 00:00:00+07:00,4170.0
2022-01-10 00:00:00+07:00,4100.0
2022-01-11 00:00:00+07:00,4090.0
2022-01-12 00:00:00+07:00,4110.0
2022-01-13 00:00:00+07:00,4180.0
2022-01-14 00:00:00+07:00,4190.0
2022-01-17 00:00:00+07:00,4180.0
2022-01-18 00:00:00+07:00,4250.0
2022-01-19 00:00:00+07:00,4250.0
2022-01-20 00:00:00+07:00,4220.0
2022-01-21 00:00:00+07:00,4330.0
2022-01-24 00:00:00+07:00,4300.0
2022-01-25 00:00:00+07:00,4290.0
2022-01-26 00:00:00+07:00,4390.0
2022-01-27 00:00:00+07:00,4270.0
2022-01-28 00:00:00+07:00,4260.0
2022-01-31 00:00:00+07:00,4190.0
2022-02-02 00:00:00+07:00,4170.0
2022-02-03 00:00:00+07:00,4200.0
2022-02-04 00:00:00+07:00,4230.0
2022-02-07 00:00:00+07:00,4290.0
2022-02-08 00:00:00+07:00,4230.0
2022-02-09 00:00:00+07:00,4280.0
2022-02-10 00:00:00+07:00,4460.0
2022-02-11 00:00:00+07:00,4450.0
2022-02-14 00:00:00+07:00,4400.0
2022-02-15 00:00:00+07:00,4410.0
2022-02-16 00:00:00+07:00,4400.0
2022-02-17 00:00:00+07:00,4410.0
2022-02-18 00:00:00+07:00,4400.0
2022-02-21 00:00:00+07:00,4370.0
2022-02-22 00:00:00+07:00,4300.0
2022-02-23 00:00:00+07:00,4350.0
2022-02-24 00:00:00+07:00,4240.0
2022-02-25 00:00:00+07:00,4340.0
2022-03-01 00:00:00+07:00,4350.0
2022-03-02 00:00:00+07:00,4290.0
2022-03-04 00:00:00+07:00,4400.0
2022-03-07 00:00:00+07:00,4510.0
2022-03-08 00:00:00+07:00,4620.0
2022-03-09 00:00:00+07:00,4440.0
2022-03-10 00:00:00+07:00,4410.0
2022-03-11 00:00:00+07:00,4590.0
2022-03-14 00:00:00+07:00,4580.0
2022-03-15 00:00:00+07:00,4620.0
2022-03-16 00:00:00+07:00,4630.0
2022-03-17 00:00:00+07:00,4480.0
2022-03-18 00:00:00+07:00,4540.0
2022-03-21 00:00:00+07:00,4550.0
2022-03-22 00:00:00+07:00,4550.0
2022-03-23 00:00:00+07:00,4550.0
2022-03-24 00:00:00+07:00,4560.0
2022-03-25 00:00:00+07:00,4520.0
2022-03-28 00:00:00+07:00,4600.0
2022-03-29 00:00:00+07:00,4560.0
2022-03-30 00:00:00+07:00,4580.0
2022-03-31 00:00:00+07:00,4580.0
2022-04-01 00:00:00+07:00,4580.0
2022-04-04 00:00:00+07:00,4540.0
2022-04-05 00:00:00+07:00,4520.0
2022-04-06 00:00:00+07:00,4430.0
2022-04-07 00:00:00+07:00,4540.0
2022-04-08 00:00:00+07:00,4580.0
2022-04-11 00:00:00+07:00,4590.0
2022-04-12 00:00:00+07:00,4630.0
2022-04-13 00:00:00+07:00,4690.0
2022-04-14 00:00:00+07:00,4680.0
2022-04-18 00:00:00+07:00,4710.0
2022-04-19 00:00:00+07:00,4680.0
2022-04-20 00:00:00+07:00,4630.0
2022-04-21 00:00:00+07:00,4620.0
2022-04-22 00:00:00+07:00,4620.0
2022-04-25 00:00:00+07:00,4710.0
2022-04-26 00:00:00+07:00,4760.0
2022-04-27 00:00:00+07:00,4770.0
2022-04-28 00:00:00+07:00,4620.0
2022-05-09 00:00:00+07:00,4310.0
2022-05-10 00:00:00+07:00,4340.0
2022-05-11 00:00:00+07:00,4330.0
2022-05-12 00:00:00+07:00,4300.0
2022-05-13 00:00:00+07:00,4260.0
2022-05-17 00:00:00+07:00,4180.0
2022-05-18 00:00:00+07:00,4250.0
2022-05-19 00:00:00+07:00,4210.0
2022-05-20 00:00:00+07:00,4170.0
2022-05-23 00:00:00+07:00,4110.0
2022-05-24 00:00:00+07:00,4150.0
2022-05-25 00:00:00+07:00,4200.0
2022-05-27 00:00:00+07:00,4300.0
2022-05-30 00:00:00+07:00,4250.0
2022-05-31 00:00:00+07:00,4310.0
2022-06-02 00:00:00+07:00,4290.0
2022-06-03 00:00:00+07:00,4310.0
2022-06-06 00:00:00+07:00,4340.0
2022-06-07 00:00:00+07:00,4250.0
2022-06-08 00:00:00+07:00,4100.0
2022-06-09 00:00:00+07:00,4050.0
2022-06-10 00:00:00+07:00,4020.0
2022-06-13 00:00:00+07:00,4080.0
2022-06-14 00:00:00+07:00,4110.0
2022-06-15 00:00:00+07:00,4060.0
2022-06-16 00:00:00+07:00,4040.0
2022-06-17 00:00:00+07:00,4120.0
2022-06-20 00:00:00+07:00,4040.0
2022-06-21 00:00:00+07:00,4110.0
2022-06-22 00:00:00+07:00,4050.0
2022-06-23 00:00:00+07:00,4160.0
2022-06-24 00:00:00+07:00,4150.0
2022-06-27 00:00:00+07:00,4070.0
2022-06-28 00:00:00+07:00,4030.0
2022-06-29 00:00:00+07:00,4040.0
2022-06-30 00:00:00+07:00,4000.0
2022-07-01 00:00:00+07:00,4020.0
2022-07-04 00:00:00+07:00,3990.0
2022-07-05 00:00:00+07:00,3990.0
2022-07-06 00:00:00+07:00,4020.0
2022-07-07 00:00:00+07:00,4040.0
2022-07-08 00:00:00+07:00,4010.0
2022-07-11 00:00:00+07:00,4040.0
2022-07-12 00:00:00+07:00,4010.0
2022-07-13 00:00:00+07:00,3940.0
2022-07-14 00:00:00+07:00,4020.0
2022-07-15 00:00:00+07:00,4150.0
2022-07-18 00:00:00+07:00,4190.0
2022-07-19 00:00:00+07:00,4160.0
2022-07-20 00:00:00+07:00,4210.0
2022-07-21 00:00:00+07:00,4260.0
2022-07-22 00:00:00+07:00,4230.0
2022-07-25 00:00:00+07:00,4240.0
2022-07-26 00:00:00+07:00,4250.0
2022-07-27 00:00:00+07:00,4300.0
2022-07-28 00:00:00+07:00,4240.0
2022-07-29 00:00:00+07:00,4230.0
2022-08-01 00:00:00+07:00,4300.0
2022-08-02 00:00:00+07:00,4450.0
2022-08-03 00:00:00+07:00,4500.0
2022-08-04 00:00:00+07:00,4550.0
2022-08-05 00:00:00+07:00,4650.0
2022-08-08 00:00:00+07:00,4700.0
2022-08-09 00:00:00+07:00,4640.0
2022-08-10 00:00:00+07:00,4560.0
2022-08-11 00:00:00+07:00,4570.0
2022-08-12 00:00:00+07:00,4550.0
2022-08-15 00:00:00+07:00,4450.0
2022-08-16 00:00:00+07:00,4410.0
2022-08-18 00:00:00+07:00,4550.0
2022-08-19 00:00:00+07:00,4600.0
2022-08-22 00:00:00+07:00,4650.0
2022-08-23 00:00:00+07:00,4660.0
2022-08-24 00:00:00+07:00,4750.0
2022-08-25 00:00:00+07:00,4570.0
2022-08-26 00:00:00+07:00,4490.0
2022-08-29 00:00:00+07:00,4520.0
2022-08-30 00:00:00+07:00,4480.0
2022-08-31 00:00:00+07:00,4560.0
2022-09-01 00:00:00+07:00,4580.0
2022-09-02 00:00:00+07:00,4600.0
2022-09-05 00:00:00+07:00,4620.0
2022-09-06 00:00:00+07:00,4510.0
2022-09-07 00:00:00+07:00,4490.0
2022-09-08 00:00:00+07:00,4560.0
2022-09-09 00:00:00+07:00,4600.0
2022-09-12 00:00:00+07:00,4540.0
2022-09-13 00:00:00+07:00,4520.0
2022-09-14 00:00:00+07:00,4480.0
2022-09-15 00:00:00+07:00,4500.0
2022-09-16 00:00:00+07:00,4410.0
2022-09-19 00:00:00+07:00,4500.0
2022-09-20 00:00:00+07:00,4480.0
2022-09-21 00:00:00+07:00,4430.0
2022-09-22 00:00:00+07:00,4430.0
2022-09-23 00:00:00+07:00,4380.0
2022-09-26 00:00:00+07:00,4460.0
2022-09-27 00:00:00+07:00,4440.0
2022-09-28 00:00:00+07:00,4470.0
2022-09-29 00:00:00+07:00,4440.0
2022-09-30 00:00:00+07:00,4460.0
2022-10-03 00:00:00+07:00,4460.0
2022-10-04 00:00:00+07:00,4440.0
2022-10-05 00:00:00+07:00,4460.0
2022-10-06 00:00:00+07:00,4430.0
2022-10-07 00:00:00+07:00,4350.0
2022-10-10 00:00:00+07:00,4420.0
2022-10-11 00:00:00+07:00,4310.0
2022-10-12 00:00:00+07:00,4340.0
2022-10-13 00:00:00+07:00,4300.0
2022-10-14 00:00:00+07:00,4290.0
2022-10-17 00:00:00+07:00,4330.0
2022-10-18 00:00:00+07:00,4250.0
2022-10-19 00:00:00+07:00,4200.0
2022-10-20 00:00:00+07:00,4350.0
2022-10-21 00:00:00+07:00,4360.0
2022-10-24 00:00:00+07:00,4410.0
2022-10-25 00:00:00+07:00,4390.0
2022-10-26 00:00:00+07:00,4370.0
2022-10-27 00:00:00+07:00,4370.0
2022-10-28 00:00:00+07:00,4450.0
2022-10-31 00:00:00+07:00,4390.0
2022-11-01 00:00:00+07:00,4420.0
2022-11-02 00:00:00+07:00,4220.0
2022-11-03 00:00:00+07:00,4130.0
2022-11-04 00:00:00+07:00,4210.0
2022-11-07 00:00:00+07:00,4280.0
2022-11-08 00:00:00+07:00,4220.0
2022-11-09 00:00:00+07:00,4190.0
2022-11-10 00:00:00+07:00,4170.0
2022-11-11 00:00:00+07:00,4150.0
2022-11-14 00:00:00+07:00,4050.0
2022-11-15 00:00:00+07:00,4050.0
2022-11-16 00:00:00+07:00,4050.0
2022-11-17 00:00:00+07:00,4040.0
2022-11-18 00:00:00+07:00,4010.0
2022-11-21 00:00:00+07:00,4030.0
2022-11-22 00:00:00+07:00,4000.0
2022-11-23 00:00:00+07:00,3970.0
2022-11-24 00:00:00+07:00,4030.0
2022-11-25 00:00:00+07:00,4030.0
2022-11-28 00:00:00+07:00,3980.0
2022-11-29 00:00:00+07:00,3980.0
2022-11-30 00:00:00+07:00,4040.0
2022-12-01 00:00:00+07:00,3960.0
2022-12-02 00:00:00+07:00,4000.0
2022-12-05 00:00:00+07:00,3840.0
2022-12-06 00:00:00+07:00,3600.0
2022-12-07 00:00:00+07:00,3680.0
2022-12-08 00:00:00+07:00,3740.0
2022-12-09 00:00:00+07:00,3650.0
2022-12-12 00:00:00+07:00,3700.0
2022-12-13 00:00:00+07:00,3750.0
2022-12-14 00:00:00+07:00,3750.0
2022-12-15 00:00:00+07:00,3670.0
2022-12-16 00:00:00+07:00,3680.0
2022-12-19 00:00:00+07:00,3720.0
2022-12-20 00:00:00+07:00,3720.0
2022-12-21 00:00:00+07:00,3790.0
2022-12-22 00:00:00+07:00,3750.0
2022-12-23 00:00:00+07:00,3780.0
2022-12-26 00:00:00+07:00,3750.0
2022-12-27 00:00:00+07:00,3810.0
2022-12-28 00:00:00+07:00,3730.0
2022-12-29 00:00:00+07:00,3780.0
2022-12-30 00:00:00+07:00,3750.0
2023-01-02 00:00:00+07:00,3800.0
2023-01-03 00:00:00+07:00,3860.0
2023-01-04 00:00:00+07:00,3820.0
2023-01-05 00:00:00+07:00,3770.0
2023-01-06 00:00:00+07:00,3710.0
2023-01-09 00:00:00+07:00,3790.0
2023-01-10 00:00:00+07:00,3830.0
2023-01-11 00:00:00+07:00,3870.0
2023-01-12 00:00:00+07:00,3860.0
2023-01-13 00:00:00+07:00,3780.0
2023-01-16 00:00:00+07:00,3850.0
2023-01-17 00:00:00+07:00,3950.0
2023-01-18 00:00:00+07:00,3930.0
2023-01-19 00:00:00+07:00,3890.0
2023-01-20 00:00:00+07:00,3870.0
2023-01-24 00:00:00+07:00,3850.0
2023-01-25 00:00:00+07:00,3840.0
2023-01-26 00:00:00+07:00,3970.0
2023-01-27 00:00:00+07:00,3960.0
2023-01-30 00:00:00+07:00,3960.0
2023-01-31 00:00:00+07:00,3850.0
2023-02-01 00:00:00+07:00,3870.0
2023-02-02 00:00:00+07:00,3890.0
2023-02-03 00:00:00+07:00,3880.0
2023-02-06 00:00:00+07:00,3880.0
2023-02-07 00:00:00+07:00,3800.0
2023-02-08 00:00:00+07:00,3840.0
2023-02-09 00:00:00+07:00,3770.0
2023-02-10 00:00:00+07:00,3800.0
2023-02-13 00:00:00+07:00,3790.0
2023-02-14 00:00:00+07:00,3800.0
2023-02-15 00:00:00+07:00,3790.0
2023-02-16 00:00:00+07:00,3770.0
2023-02-17 00:00:00+07:00,3760.0
2023-02-20 00:00:00+07:00,3820.0
2023-02-21 00:00:00+07:00,3840.0
2023-02-22 00:00:00+07:00,3860.0
2023-02-23 00:00:00+07:00,3970.0
2023-02-24 00:00:00+07:00,4040.0
2023-02-27 00:00:00+07:00,3960.0
2023-02-28 00:00:00+07:00,3880.0
2023-03-01 00:00:00+07:00,3930.0
2023-03-02 00:00:00+07:00,3880.0
2023-03-03 00:00:00+07:00,3900.0
2023-03-06 00:00:00+07:00,3880.0
2023-03-07 00:00:00+07:00,3880.0
2023-03-08 00:00:00+07:00,3940.0
2023-03-09 00:00:00+07:00,3970.0
2023-03-10 00:00:00+07:00,4010.0
2023-03-13 00:00:00+07:00,4070.0
2023-03-14 00:00:00+07:00,4020.0
2023-03-15 00:00:00+07:00,4010.0
2023-03-16 00:00:00+07:00,4050.0
2023-03-17 00:00:00+07:00,4050.0
2023-03-20 00:00:00+07:00,3990.0
2023-03-21 00:00:00+07:00,4120.0
2023-03-24 00:00:00+07:00,4070.0
2023-03-27 00:00:00+07:00,4050.0
2023-03-28 00:00:00+07:00,4050.0
2023-03-29 00:00:00+07:00,4100.0
2023-03-30 00:00:00+07:00,4090.0
2023-03-31 00:00:00+07:00,4060.0
2023-04-03 00:00:00+07:00,4080.0
2023-04-04 00:00:00+07:00,4060.0
2023-04-05 00:00:00+07:00,4150.0
2023-04-06 00:00:00+07:00,4250.0
2023-04-10 00:00:00+07:00,4300.0
2023-04-11 00:00:00+07:00,4300.0
2023-04-12 00:00:00+07:00,4310.0
2023-04-13 00:00:00+07:00,4340.0
2023-04-14 00:00:00+07:00,4340.0
2023-04-17 00:00:00+07:00,4270.0
2023-04-18 00:00:00+07:00,4270.0
2023-04-26 00:00:00+07:00,4400.0
2023-04-27 00:00:00+07:00,4320.0
2023-04-28 00:00:00+07:00,4250.0
2023-05-02 00:00:00+07:00,4190.0
2023-05-03 00:00:00+07:00,4150.0
2023-05-04 00:00:00+07:00,4150.0
2023-05-05 00:00:00+07:00,4170.0
2023-05-08 00:00:00+07:00,4060.0
2023-05-09 00:00:00+07:00,4070.0
2023-05-10 00:00:00+07:00,4130.0
2023-05-11 00:00:00+07:00,4090.0
2023-05-12 00:00:00+07:00,3980.0
2023-05-15 00:00:00+07:00,3980.0
2023-05-16 00:00:00+07:00,3980.0
2023-05-17 00:00:00+07:00,3990.0
2023-05-19 00:00:00+07:00,4020.0
2023-05-22 00:00:00+07:00,4040.0
2023-05-23 00:00:00+07:00,4040.0
2023-05-24 00:00:00+07:00,4160.0
2023-05-25 00:00:00+07:00,4120.0
2023-05-26 00:00:00+07:00,4130.0
2023-05-29 00:00:00+07:00,4200.0
2023-05-30 00:00:00+07:00,4120.0
2023-05-31 00:00:00+07:00,4040.0
2023-06-05 00:00:00+07:00,4080.0
2023-06-06 00:00:00+07:00,4090.0
2023-06-07 00:00:00+07:00,4150.0
2023-06-08 00:00:00+07:00,4170.0
2023-06-09 00:00:00+07:00,4150.0
2023-06-12 00:00:00+07:00,4050.0
2023-06-13 00:00:00+07:00,4030.0
2023-06-14 00:00:00+07:00,4000.0
2023-06-15 00:00:00+07:00,4020.0
2023-06-16 00:00:00+07:00,3970.0
2023-06-19 00:00:00+07:00,3960.0
2023-06-20 00:00:00+07:00,3990.0
2023-06-21 00:00:00+07:00,3980.0
2023-06-22 00:00:00+07:00,3940.0
2023-06-23 00:00:00+07:00,3950.0
2023-06-26 00:00:00+07:00,3990.0
2023-06-27 00:00:00+07:00,4000.0
2023-07-03 00:00:00+07:00,4000.0
2023-07-04 00:00:00+07:00,3970.0
2023-07-05 00:00:00+07:00,3980.0
2023-07-06 00:00:00+07:00,3960.0
2023-07-07 00:00:00+07:00,3960.0
2023-07-10 00:00:00+07:00,3950.0
2023-07-11 00:00:00+07:00,3980.0
2023-07-12 00:00:00+07:00,3980.0
2023-07-13 00:00:00+07:00,3920.0
2023-07-14 00:00:00+07:00,3930.0
2023-07-17 00:00:00+07:00,3910.0
2023-07-18 00:00:00+07:00,3850.0
2023-07-20 00:00:00+07:00,3850.0
2023-07-21 00:00:00+07:00,3860.0
2023-07-24 00:00:00+07:00,3900.0
2023-07-25 00:00:00+07:00,3880.0
2023-07-26 00:00:00+07:00,3880.0
2023-07-27 00:00:00+07:00,3720.0
2023-07-28 00:00:00+07:00,3720.0
2023-07-31 00:00:00+07:00,3720.0
2023-08-01 00:00:00+07:00,3750.0
2023-08-02 00:00:00+07:00,3690.0
2023-08-03 00:00:00+07:00,3720.0
2023-08-04 00:00:00+07:00,3690.0
2023-08-07 00:00:00+07:00,3680.0
2023-08-08 00:00:00+07:00,3730.0
2023-08-09 00:00:00+07:00,3770.0
2023-08-10 00:00:00+07:00,3800.0
2023-08-11 00:00:00+07:00,3810.0
2023-08-14 00:00:00+07:00,3830.0
2023-08-15 00:00:00+07:00,3820.0
2023-08-16 00:00:00+07:00,3830.0
2023-08-18 00:00:00+07:00,3760.0
2023-08-21 00:00:00+07:00,3740.0
2023-08-22 00:00:00+07:00,3750.0
2023-08-23 00:00:00+07:00,3740.0
2023-08-24 00:00:00+07:00,3720.0
2023-08-25 00:00:00+07:00,3720.0
2023-08-28 00:00:00+07:00,3700.0
2023-08-29 00:00:00+07:00,3720.0
2023-08-30 00:00:00+07:00,3810.0
2023-08-31 00:00:00+07:00,3730.0
2023-09-01 00:00:00+07:00,3720.0
2023-09-04 00:00:00+07:00,3730.0
2023-09-05 00:00:00+07:00,3740.0
2023-09-06 00:00:00+07:00,3790.0
2023-09-07 00:00:00+07:00,3760.0
2023-09-08 00:00:00+07:00,3690.0
2023-09-11 00:00:00+07:00,3700.0
2023-09-12 00:00:00+07:00,3710.0
2023-09-13 00:00:00+07:00,3710.0
2023-09-14 00:00:00+07:00,3680.0
2023-09-15 00:00:00+07:00,3720.0
2023-09-18 00:00:00+07:00,3680.0
2023-09-19 00:00:00+07:00,3730.0
2023-09-20 00:00:00+07:00,3810.0
2023-09-21 00:00:00+07:00,3810.0
2023-09-22 00:00:00+07:00,3860.0
2023-09-25 00:00:00+07:00,3770.0
2023-09-26 00:00:00+07:00,3760.0
2023-09-27 00:00:00+07:00,3720.0
2023-09-29 00:00:00+07:00,3750.0
2023-10-02 00:00:00+07:00,3750.0
2023-10-03 00:00:00+07:00,3770.0
2023-10-04 00:00:00+07:00,3780.0
2023-10-05 00:00:00+07:00,3720.0
2023-10-06 00:00:00+07:00,3780.0
2023-10-09 00:00:00+07:00,3760.0
2023-10-10 00:00:00+07:00,3810.0
2023-10-11 00:00:00+07:00,3780.0
2023-10-12 00:00:00+07:00,3830.0
2023-10-13 00:00:00+07:00,3850.0
2023-10-16 00:00:00+07:00,3760.0
2023-10-17 00:00:00+07:00,3790.0
2023-10-18 00:00:00+07:00,3750.0
2023-10-19 00:00:00+07:00,3730.0
2023-10-20 00:00:00+07:00,3700.0
2023-10-23 00:00:00+07:00,3610.0
2023-10-24 00:00:00+07:00,3650.0
2023-10-25 00:00:00+07:00,3600.0
2023-10-26 00:00:00+07:00,3480.0
2023-10-27 00:00:00+07:00,3500.0
2023-10-30 00:00:00+07:00,3420.0
2023-10-31 00:00:00+07:00,3490.0
2023-11-01 00:00:00+07:00,3620.0
2023-11-02 00:00:00+07:00,3620.0
2023-11-03 00:00:00+07:00,3570.0
2023-11-06 00:00:00+07:00,3650.0
2023-11-07 00:00:00+07:00,3570.0
2023-11-08 00:00:00+07:00,3520.0
2023-11-09 00:00:00+07:00,3530.0
2023-11-10 00:00:00+07:00,3550.0
2023-11-13 00:00:00+07:00,3520.0
2023-11-14 00:00:00+07:00,3500.0
2023-11-15 00:00:00+07:00,3550.0
2023-11-16 00:00:00+07:00,3540.0
2023-11-17 00:00:00+07:00,3550.0
2023-11-20 00:00:00+07:00,3590.0
2023-11-21 00:00:00+07:00,3620.0
2023-11-22 00:00:00+07:00,3610.0
2023-11-23 00:00:00+07:00,3600.0
2023-11-24 00:00:00+07:00,3620.0
2023-11-27 00:00:00+07:00,3680.0
2023-11-28 00:00:00+07:00,3770.0
2023-11-29 00:00:00+07:00,3720.0
2023-11-30 00:00:00+07:00,3760.0
2023-12-01 00:00:00+07:00,3830.0
2023-12-04 00:00:00+07:00,3810.0
2023-12-05 00:00:00+07:00,3850.0
2023-12-06 00:00:00+07:00,3920.0
2023-12-07 00:00:00+07:00,3910.0
2023-12-08 00:00:00+07:00,3940.0
2023-12-11 00:00:00+07:00,3980.0
2023-12-12 00:00:00+07:00,3910.0
2023-12-13 00:00:00+07:00,3920.0
2023-12-14 00:00:00+07:00,3940.0
2023-12-15 00:00:00+07:00,3980.0
2023-12-18 00:00:00+07:00,3970.0
2023-12-19 00:00:00+07:00,3970.0
2023-12-20 00:00:00+07:00,3960.0
2023-12-21 00:00:00+07:00,3950.0
2023-12-22 00:00:00+07:00,3960.0
2023-12-27 00:00:00+07:00,3940.0
2023-12-28 00:00:00+07:00,3960.0
2023-12-29 00:00:00+07:00,3950.0
2024-01-02 00:00:00+07:00,3990.0
2024-01-03 00:00:00+07:00,3960.0
2024-01-04 00:00:00+07:00,3970.0
2024-01-05 00:00:00+07:00,3890.0
2024-01-08 00:00:00+07:00,3890.0
2024-01-09 00:00:00+07:00,3960.0
2024-01-10 00:00:00+07:00,4000.0
2024-01-11 00:00:00+07:00,3990.0
2024-01-12 00:00:00+07:00,4010.0
2024-01-15 00:00:00+07:00,4000.0
2024-01-16 00:00:00+07:00,4010.0
2024-01-17 00:00:00+07:00,3990.0
2024-01-18 00:00:00+07:00,3950.0
2024-01-19 00:00:00+07:00,3940.0
2024-01-22 00:00:00+07:00,3980.0
2024-01-23 00:00:00+07:00,3950.0
2024-01-24 00:00:00+07:00,3970.0
2024-01-25 00:00:00+07:00,3980.0
2024-01-26 00:00:00+07:00,3980.0
2024-01-29 00:00:00+07:00,4010.0
2024-01-30 00:00:00+07:00,4000.0
2024-01-31 00:00:00+07:00,3960.0
2024-02-01 00:00:00+07:00,4040.0
2024-02-02 00:00:00+07:00,3990.0
2024-02-05 00:00:00+07:00,3980.0
2024-02-06 00:00:00+07:00,3980.0
2024-02-07 00:00:00+07:00,3980.0
2024-02-12 00:00:00+07:00,4000.0
2024-02-13 00:00:00+07:00,3980.0
2024-02-15 00:00:00+07:00,4030.0
2024-02-16 00:00:00+07:00,4160.0
2024-02-19 00:00:00+07:00,4160.0
2024-02-20 00:00:00+07:00,4210.0
2024-02-21 00:00:00+07:00,4180.0
2024-02-22 00:00:00+07:00,4090.0
2024-02-23 00:00:00+07:00,4100.0
2024-02-26 00:00:00+07:00,4090.0
2024-02-27 00:00:00+07:00,3990.0
2024-02-28 00:00:00+07:00,3990.0
2024-02-29 00:00:00+07:00,4000.0
2024-03-01 00:00:00+07:00,3920.0
2024-03-04 00:00:00+07:00,3940.0
2024-03-05 00:00:00+07:00,3870.0
2024-03-06 00:00:00+07:00,3900.0
2024-03-07 00:00:00+07:00,3900.0
2024-03-08 00:00:00+07:00,3860.0
2024-03-13 00:00:00+07:00,3900.0
2024-03-14 00:00:00+07:00,3960.0
2024-03-15 00:00:00+07:00,3970.0
2024-03-18 00:00:00+07:00,3920.0
2024-03-19 00:00:00+07:00,3940.0
2024-03-20 00:00:00+07:00,3930.0
2024-03-21 00:00:00+07:00,3890.0
2024-03-22 00:00:00+07:00,3900.0
2024-03-25 00:00:00+07:00,3730.0
2024-03-26 00:00:00+07:00,3620.0
2024-03-27 00:00:00+07:00,3490.0
2024-03-28 00:00:00+07:00,3470.0
2024-04-01 00:00:00+07:00,3510.0
2024-04-02 00:00:00+07:00,3490.0
2024-04-03 00:00:00+07:00,3420.0
2024-04-04 00:00:00+07:00,3450.0
2024-04-05 00:00:00+07:00,3430.0
2024-04-16 00:00:00+07:00,3220.0
2024-04-17 00:00:00+07:00,3200.0
2024-04-18 00:00:00+07:00,3250.0
2024-04-19 00:00:00+07:00,3150.0
2024-04-22 00:00:00+07:00,3170.0
2024-04-23 00:00:00+07:00,3100.0
2024-04-24 00:00:00+07:00,3040.0
2024-04-25 00:00:00+07:00,3040.0
2024-04-26 00:00:00+07:00,3030.0
2024-04-29 00:00:00+07:00,3080.0
2024-04-30 00:00:00+07:00,3170.0
2024-05-02 00:00:00+07:00,3120.0
2024-05-03 00:00:00+07:00,3160.0
2024-05-06 00:00:00+07:00,3050.0
2024-05-07 00:00:00+07:00,3090.0
2024-05-08 00:00:00+07:00,3080.0
2024-05-13 00:00:00+07:00,3090.0
2024-05-14 00:00:00+07:00,3120.0
2024-05-15 00:00:00+07:00,3100.0
2024-05-16 00:00:00+07:00,3010.0
2024-05-17 00:00:00+07:00,2990.0
2024-05-20 00:00:00+07:00,2990.0
2024-05-21 00:00:00+07:00,2950.0
2024-05-22 00:00:00+07:00,2940.0
2024-05-27 00:00:00+07:00,2810.0
2024-05-28 00:00:00+07:00,2860.0
2024-05-29 00:00:00+07:00,2810.0
2024-05-30 00:00:00+07:00,2810.0
2024-05-31 00:00:00+07:00,2900.0
2024-06-03 00:00:00+07:00,2930.0
2024-06-04 00:00:00+07:00,3000.0
2024-06-05 00:00:00+07:00,3060.0
2024-06-06 00:00:00+07:00,3050.0
2024-06-07 00:00:00+07:00,3050.0
2024-06-10 00:00:00+07:00,3010.0
2024-06-11 00:00:00+07:00,2880.0
2024-06-12 00:00:00+07:00,2920.0
2024-06-13 00:00:00+07:00,2840.0
2024-06-14 00:00:00+07:00,2720.0
2024-06-19 00:00:00+07:00,2830.0
2024-06-20 00:00:00+07:00,2840.0
2024-06-21 00:00:00+07:00,2950.0
2024-06-24 00:00:00+07:00,2950.0
2024-06-25 00:00:00+07:00,2990.0
2024-06-26 00:00:00+07:00,3000.0
2024-06-27 00:00:00+07:00,3030.0
2024-06-28 00:00:00+07:00,3130.0
2024-07-01 00:00:00+07:00,3090.0
2024-07-02 00:00:00+07:00,3040.0
2024-07-03 00:00:00+07:00,3030.0
2024-07-04 00:00:00+07:00,2960.0
2024-07-05 00:00:00+07:00,3020.0
2024-07-08 00:00:00+07:00,3080.0
2024-07-09 00:00:00+07:00,3080.0
2024-07-10 00:00:00+07:00,3160.0
2024-07-11 00:00:00+07:00,3180.0
2024-07-12 00:00:00+07:00,3220.0
2024-07-15 00:00:00+07:00,3160.0
2024-07-16 00:00:00+07:00,3100.0
2024-07-17 00:00:00+07:00,3250.0
2024-07-18 00:00:00+07:00,3210.0
2024-07-19 00:00:00+07:00,3140.0
2024-07-22 00:00:00+07:00,3100.0
2024-07-23 00:00:00+07:00,3160.0
2024-07-24 00:00:00+07:00,3060.0
2024-07-25 00:00:00+07:00,3090.0
2024-07-26 00:00:00+07:00,3100.0
2024-07-29 00:00:00+07:00,3050.0
2024-07-30 00:00:00+07:00,2880.0
2024-07-31 00:00:00+07:00,2880.0
2024-08-01 00:00:00+07:00,2880.0
2024-08-02 00:00:00+07:00,2850.0
2024-08-05 00:00:00+07:00,2790.0
2024-08-06 00:00:00+07:00,2790.0
2024-08-07 00:00:00+07:00,2820.0
2024-08-08 00:00:00+07:00,2850.0
2024-08-09 00:00:00+07:00,2830.0
2024-08-12 00:00:00+07:00,2870.0
2024-08-13 00:00:00+07:00,2850.0
2024-08-14 00:00:00+07:00,2860.0
2024-08-15 00:00:00+07:00,2870.0
2024-08-16 00:00:00+07:00,2960.0
2024-08-19 00:00:00+07:00,2930.0
2024-08-20 00:00:00+07:00,2980.0
2024-08-21 00:00:00+07:00,2970.0
2024-08-22 00:00:00+07:00,2920.0
2024-08-23 00:00:00+07:00,2950.0
2024-08-26 00:00:00+07:00,2980.0
2024-08-27 00:00:00+07:00,2990.0
2024-08-28 00:00:00+07:00,2980.0
2024-08-29 00:00:00+07:00,3030.0
2024-08-30 00:00:00+07:00,3060.0
2024-09-02 00:00:00+07:00,3140.0
2024-09-03 00:00:00+07:00,3080.0
2024-09-04 00:00:00+07:00,3080.0
2024-09-05 00:00:00+07:00,3020.0
2024-09-06 00:00:00+07:00,3040.0
2024-09-09 00:00:00+07:00,3030.0
2024-09-10 00:00:00+07:00,3030.0
2024-09-11 00:00:00+07:00,3040.0
2024-09-12 00:00:00+07:00,3050.0
2024-09-13 00:00:00+07:00,3110.0
2024-09-17 00:00:00+07:00,3090.0
2024-09-18 00:00:00+07:00,3120.0
2024-09-19 00:00:00+07:00,3140.0
2024-09-20 00:00:00+07:00,3150.0
2024-09-23 00:00:00+07:00,3170.0
2024-09-24 00:00:00+07:00,3160.0
2024-09-25 00:00:00+07:00,3190.0
2024-09-26 00:00:00+07:00,3170.0
2024-09-27 00:00:00+07:00,3050.0
2024-09-30 00:00:00+07:00,2990.0
2024-10-01 00:00:00+07:00,3020.0
2024-10-02 00:00:00+07:00,2920.0
2024-10-03 00:00:00+07:00,2890.0
2024-10-04 00:00:00+07:00,2880.0
2024-10-07 00:00:00+07:00,2900.0
2024-10-08 00:00:00+07:00,2990.0
2024-10-09 00:00:00+07:00,2960.0
2024-10-10 00:00:00+07:00,2950.0
2024-10-11 00:00:00+07:00,2940.0
2024-10-14 00:00:00+07:00,2900.0
2024-10-15 00:00:00+07:00,2940.0
2024-10-16 00:00:00+07:00,3000.0
2024-10-17 00:00:00+07:00,3040.0
2024-10-18 00:00:00+07:00,3100.0
2024-10-21 00:00:00+07:00,3100.0
2024-10-22 00:00:00+07:00,3010.0
2024-10-23 00:00:00+07:00,2940.0
2024-10-24 00:00:00+07:00,2900.0
2024-10-25 00:00:00+07:00,2910.0
2024-10-28 00:00:00+07:00,2920.0
2024-10-29 00:00:00+07:00,2900.0
2024-10-30 00:00:00+07:00,2900.0
2024-10-31 00:00:00+07:00,2820.0
2024-11-01 00:00:00+07:00,2780.0
2024-11-04 00:00:00+07:00,2800.0
2024-11-05 00:00:00+07:00,2770.0
2024-11-06 00:00:00+07:00,2740.0
2024-11-07 00:00:00+07:00,2760.0
2024-11-08 00:00:00+07:00,2750.0
2024-11-11 00:00:00+07:00,2690.0
2024-11-12 00:00:00+07:00,2600.0
2024-11-13 00:00:00+07:00,2580.0
2024-11-14 00:00:00+07:00,2530.0
2024-11-15 00:00:00+07:00,2540.0
2024-11-18 00:00:00+07:00,2590.0
2024-11-19 00:00:00+07:00,2780.0
2024-11-20 00:00:00+07:00,2680.0
2024-11-21 00:00:00+07:00,2770.0
2024-11-22 00:00:00+07:00,2750.0
2024-11-25 00:00:00+07:00,2740.0
2024-11-26 00:00:00+07:00,2710.0
2024-11-28 00:00:00+07:00,2720.0
2024-11-29 00:00:00+07:00,2710.0
2024-12-02 00:00:00+07:00,2680.0
2024-12-03 00:00:00+07:00,2820.0
2024-12-04 00:00:00+07:00,2840.0
2024-12-05 00:00:00+07:00,2770.0
2024-12-06 00:00:00+07:00,2760.0
2024-12-09 00:00:00+07:00,2740.0
2024-12-10 00:00:00+07:00,2770.0
2024-12-11 00:00:00+07:00,2860.0
2024-12-12 00:00:00+07:00,2820.0
